,AT0 0
0,-20160.936201690547
1,-20042.95782262733
2,-20023.948450229356
3,-19916.709621378937
4,-19910.388027317695
5,-19901.06531710765
6,-19823.232017362752
7,-19804.42976299645
8,-19787.61483273734
9,-19729.380336684488
10,-19693.320993853074
11,-19675.345179724485
12,-19625.275265726486
13,-19621.171582826595
14,-19615.75704515417
15,-19605.198463690944
16,-19569.63004188045
17,-19528.51974530907
18,-19468.32119294166
19,-19467.53066841015
20,-19442.171549023333
21,-19418.3532247357
22,-19418.20307522066
23,-19370.25206728842
24,-19325.65927684935
25,-19304.08045534294
26,-19248.583510959375
27,-19233.08076807444
28,-19224.126014026333
29,-19215.960629948262
30,-19204.158056915505
31,-19200.169272836556
32,-19191.30155128102
33,-19184.50250553958
34,-19160.525112618987
35,-19158.370313522566
36,-19143.5358441914
37,-19083.734309839627
38,-19034.221873736748
39,-19024.53315157594
40,-19009.21151080584
41,-19002.53843276955
42,-18996.136089846856
43,-18921.42189854377
44,-18863.618005090015
45,-18849.88567798731
46,-18840.20604494302
47,-18811.12280567322
48,-18804.5069685299
49,-18786.95282713123
50,-18784.72518996207
51,-18784.000412044574
52,-18778.189680899355
53,-18770.137451117305
54,-18758.281860700386
55,-18689.993118623075
56,-18687.70641053308
57,-18672.761002417217
58,-18666.534330818835
59,-18661.393891686945
60,-18647.820485914872
61,-18646.924731860094
62,-18644.189609100184
63,-18633.46740621716
64,-18627.136247805378
65,-18619.673085756844
66,-18599.22833948355
67,-18539.720416509273
68,-18531.840083633146
69,-18523.19186011232
70,-18512.76752869565
71,-18495.5690939567
72,-18491.12175632442
73,-18479.043647400773
74,-18459.15630408555
75,-18422.217440838343
76,-18410.983336814978
77,-18386.54290551205
78,-18350.069225587333
79,-18335.445103350652
80,-18327.857133174326
81,-18275.970270176116
82,-18273.30633690276
83,-18267.84672819918
84,-18243.96150330054
85,-18212.27972057357
86,-18202.504880105538
87,-18193.39233930257
88,-18186.97615287428
89,-18156.39140204776
90,-18131.433658710368
91,-18087.406943367725
92,-18080.320284490477
93,-18055.11955928641
94,-18048.14039552079
95,-18012.3293847
96,-18006.606123056932
97,-17971.19846502781
98,-17966.343729581138
99,-17965.291444631817
100,-17959.383723214654
101,-17954.494365102037
102,-17906.055642012434
103,-17883.966088674795
104,-17875.47787067912
105,-17867.568075875322
106,-17853.10784825038
107,-17849.96828783737
108,-17838.780860083814
109,-17836.62116039359
110,-17833.04492543566
111,-17831.81805315524
112,-17805.97267721546
113,-17777.797007735062
114,-17751.076135890893
115,-17750.62003460077
116,-17740.072339491468
117,-17726.54256620795
118,-17715.76233381951
119,-17712.75789069043
120,-17712.627717417126
121,-17687.61837452914
122,-17642.982479233935
123,-17636.58833366706
124,-17610.592761254487
125,-17610.55710299117
126,-17593.025361196454
127,-17588.505030243712
128,-17577.76260982385
129,-17559.810674201668
130,-17552.336349076162
131,-17548.707323932824
132,-17541.01614922724
133,-17518.25917841314
134,-17508.705185844265
135,-17471.010052424226
136,-17439.281421686894
137,-17400.9215708303
138,-17375.871559752315
139,-17375.097168596207
140,-17360.5059715102
141,-17358.074653401567
142,-17327.40003935203
143,-17296.696289121497
144,-17258.27451659598
145,-17225.878498241953
146,-17223.289643932512
147,-17218.452940546267
148,-17213.14295999085
149,-17181.677950737256
150,-17176.164374954173
151,-17166.559739216384
152,-17157.078200135817
153,-17150.40511594174
154,-17134.940832808286
155,-17118.197810670074
156,-17113.988314878952
157,-17095.194047320394
158,-17091.829520445473
159,-17090.92905748737
160,-17065.448410503046
161,-17063.395125960225
162,-17045.413285493283
163,-17027.864702928142
164,-17017.673337968627
165,-17013.314902226135
166,-17000.920499106047
167,-16994.020580991208
168,-16955.55044657029
169,-16941.873011970776
170,-16931.765439232084
171,-16914.26474241373
172,-16903.89623245256
173,-16902.985381828134
174,-16892.539253196323
175,-16884.545272832613
176,-16877.402878358283
177,-16824.191065317384
178,-16804.980570084863
179,-16793.00387119453
180,-16789.652141472947
181,-16781.206735805645
182,-16777.733092250273
183,-16760.845168433676
184,-16741.864512022745
185,-16722.93680918584
186,-16707.534190000006
187,-16675.834018222595
188,-16671.146773635082
189,-16653.123196909026
190,-16651.79135012959
191,-16642.83638815002
192,-16629.73518942636
193,-16628.509436068678
194,-16602.421610914138
195,-16586.532394611633
196,-16569.22124412235
197,-16565.73181022772
198,-16558.701869649165
199,-16558.349085835784
200,-16541.910885532023
201,-16538.044408085407
202,-16521.816543672157
203,-16513.046063623937
204,-16506.683316593244
205,-16505.84317420392
206,-16495.87980774659
207,-16492.462018170336
208,-16488.33972155652
209,-16470.32802260587
210,-16468.704898941796
211,-16437.183660753348
212,-16434.464624340602
213,-16429.1249688271
214,-16403.749466678426
215,-16396.6761428682
216,-16387.93466248997
217,-16364.477835522779
218,-16351.56119135818
219,-16350.006444585288
220,-16323.779669572588
221,-16320.89131000829
222,-16310.290332656174
223,-16308.552342529625
224,-16304.493751710505
225,-16260.958771181187
226,-16252.272396571747
227,-16242.53942392976
228,-16227.630872224583
229,-16221.488788568104
230,-16197.483838506587
231,-16187.678276926295
232,-16187.193979574198
233,-16167.53004698769
234,-16165.661518447567
235,-16164.92672365968
236,-16164.56687546389
237,-16153.20885980639
238,-16150.467989673936
239,-16124.756297766506
240,-16091.327720150017
241,-16089.506775824033
242,-16089.042328481719
243,-16088.805607056793
244,-16062.891200911501
245,-16045.73200162235
246,-16044.344753273224
247,-16035.50009104984
248,-16001.511377009292
249,-15994.093194320925
250,-15991.359115239704
251,-15977.593645056526
252,-15971.456223750896
253,-15968.494273652661
254,-15967.469312481531
255,-15924.030222597043
256,-15911.57973040932
257,-15891.19182757995
258,-15889.0299913733
259,-15885.538967989401
260,-15871.625931791636
261,-15867.689513773823
262,-15865.334359831233
263,-15861.489146409396
264,-15857.635118594037
265,-15852.34600834593
266,-15844.032978766072
267,-15838.110151646824
268,-15836.933216016467
269,-15832.38650262206
270,-15817.466771920008
271,-15796.682543828363
272,-15778.92256584012
273,-15764.525540052511
274,-15757.383684770053
275,-15730.209909619773
276,-15694.230608536634
277,-15684.233575839047
278,-15657.588094020013
279,-15633.315353140868
280,-15609.750938549227
281,-15607.77921486646
282,-15589.02119561369
283,-15586.51330541283
284,-15578.927021010155
285,-15571.865517057078
286,-15564.866154596948
287,-15555.391479365324
288,-15553.675540569795
289,-15542.378682053975
290,-15540.961327862437
291,-15540.228249933993
292,-15533.684590990295
293,-15516.070999743764
294,-15511.111151988469
295,-15496.790927241196
296,-15474.265269300282
297,-15470.03679016252
298,-15467.534749040795
299,-15460.809253324232
300,-15448.717116762582
301,-15438.940681344433
302,-15433.795679927947
303,-15433.301722954244
304,-15428.973251136038
305,-15426.632204385693
306,-15424.534360685042
307,-15415.0158777764
308,-15396.744697251732
309,-15385.467032075012
310,-15383.902304418527
311,-15373.523576311936
312,-15370.708912010332
313,-15351.558463350788
314,-15338.723835666306
315,-15336.979326410245
316,-15334.145563658118
317,-15324.890760734621
318,-15313.69243829559
319,-15308.368457636177
320,-15303.351219527107
321,-15291.07777209188
322,-15278.10353814575
323,-15269.695822468228
324,-15256.229078784376
325,-15255.904086920564
326,-15248.26823764382
327,-15247.30795156449
328,-15235.095025596589
329,-15234.763511400077
330,-15232.835049977295
331,-15201.490666582231
332,-15197.083318468764
333,-15196.72140649839
334,-15195.509199589533
335,-15184.489987124834
336,-15176.81289469634
337,-15170.910112146203
338,-15151.24609351178
339,-15150.661121039922
340,-15146.22621707867
341,-15141.980036923045
342,-15133.133210463187
343,-15110.465097737593
344,-15103.166598915644
345,-15093.221833188265
346,-15076.810499536312
347,-15073.930236450036
348,-15063.603713639148
349,-15060.93673737687
350,-15056.004996477188
351,-15052.789458687705
352,-15044.30798386256
353,-15042.174970638893
354,-15040.254287786907
355,-15026.201244190732
356,-15014.54849270184
357,-14999.973607413705
358,-14968.696125348055
359,-14964.542242026118
360,-14961.877601719154
361,-14955.025898834308
362,-14954.252977335927
363,-14939.083610625645
364,-14916.205619916733
365,-14912.08964709392
366,-14909.229969535414
367,-14898.540587884598
368,-14883.346686560913
369,-14873.3589844903
370,-14864.005230055534
371,-14859.871258654812
372,-14857.095856327522
373,-14848.242969928435
374,-14837.801652963108
375,-14834.895795690183
376,-14832.973496814146
377,-14829.304983336868
378,-14806.834331447862
379,-14805.558010807401
380,-14782.019777843265
381,-14772.408734620822
382,-14768.17384246054
383,-14760.904404740091
384,-14756.498047071029
385,-14755.396331281052
386,-14754.624759572287
387,-14754.422036941085
388,-14752.591892641405
389,-14745.54352547469
390,-14732.221117614004
391,-14706.17520926825
392,-14702.817893504967
393,-14674.893856152417
394,-14673.123742640313
395,-14669.634460704267
396,-14667.77288055223
397,-14656.595149624558
398,-14654.914846043877
399,-14632.976929066028
400,-14619.181778012493
401,-14618.785631189117
402,-14615.102615220307
403,-14613.648857645256
404,-14607.521044339777
405,-14589.198697321799
406,-14587.62848901808
407,-14587.309446146284
408,-14582.965863049842
409,-14574.733155717717
410,-14574.19640042356
411,-14561.623298919194
412,-14532.919001559512
413,-14530.978356183434
414,-14526.456676885256
415,-14521.845141776608
416,-14520.17487808994
417,-14512.666448919506
418,-14507.707874974836
419,-14501.634299655276
420,-14488.885572462885
421,-14486.297456649869
422,-14485.75737713634
423,-14479.252832454566
424,-14442.468945830067
425,-14415.378716142615
426,-14412.136142690659
427,-14409.393620998859
428,-14407.311216329024
429,-14402.100222714293
430,-14399.837477794064
431,-14386.689790699282
432,-14372.877993754277
433,-14353.726565707391
434,-14350.345376414103
435,-14347.372042578136
436,-14306.292386302954
437,-14300.935687038367
438,-14294.633047769403
439,-14288.765629010219
440,-14280.499224488016
441,-14275.90936131402
442,-14266.298285280636
443,-14258.464225128515
444,-14253.398825239037
445,-14247.390065813775
446,-14242.803676287596
447,-14236.211882430065
448,-14220.90172970929
449,-14217.787059202123
450,-14206.75759373168
451,-14202.972958819219
452,-14193.766092442127
453,-14183.949090362923
454,-14173.207925465562
455,-14162.260918759475
456,-14154.056421314992
457,-14140.498519453611
458,-14129.807133427857
459,-14097.084336902946
460,-14092.475040931713
461,-14089.882156530537
462,-14082.104670528934
463,-14078.935458623468
464,-14078.785528278973
465,-14060.842981725462
466,-14046.188219470896
467,-14043.650983902524
468,-14043.418446749647
469,-14016.62236424943
470,-14016.165948010088
471,-14009.755322299523
472,-14000.682589359
473,-13985.981045744891
474,-13975.39575315021
475,-13972.975720883524
476,-13971.16068141986
477,-13970.218752318204
478,-13960.728911877657
479,-13957.376699586657
480,-13954.984038695891
481,-13953.752601765324
482,-13949.913696369598
483,-13945.094424131807
484,-13935.02529004835
485,-13928.170722202285
486,-13926.406208354594
487,-13918.510026389482
488,-13913.181980779724
489,-13913.12438325547
490,-13904.417534038585
491,-13902.533569519055
492,-13886.361406908427
493,-13884.200014093372
494,-13871.872086892217
495,-13864.320287127184
496,-13857.424075478322
497,-13856.646755637861
498,-13852.795070865714
499,-13846.341109515846
500,-13825.272551172875
501,-13804.01737731472
502,-13802.347968787819
503,-13798.070438651606
504,-13792.64482770421
505,-13788.341902458575
506,-13778.458107078002
507,-13778.363130990363
508,-13778.284915496393
509,-13770.689771544688
510,-13755.497567499011
511,-13753.598268732787
512,-13747.173482134029
513,-13732.62641905939
514,-13728.376816156955
515,-13721.041929960162
516,-13718.770424090913
517,-13708.302797471022
518,-13700.410978157117
519,-13696.59319758527
520,-13694.528502412184
521,-13688.984876460727
522,-13679.627732725952
523,-13666.122455160155
524,-13665.736411037704
525,-13663.878333418874
526,-13660.535871558935
527,-13659.339169778748
528,-13659.02852743027
529,-13653.232680935764
530,-13642.599645875998
531,-13639.994741398781
532,-13626.085047256256
533,-13621.230296782294
534,-13598.031745213237
535,-13592.859635843875
536,-13588.510032119502
537,-13588.494184166691
538,-13584.783314459859
539,-13583.057389423973
540,-13582.082446177159
541,-13581.540334149651
542,-13580.580517417447
543,-13569.645457234818
544,-13568.049473739511
545,-13562.690990843475
546,-13541.06928235474
547,-13540.558470672582
548,-13529.46337907045
549,-13515.691757351608
550,-13512.71607564645
551,-13499.31540860228
552,-13495.811756321216
553,-13488.209447907511
554,-13483.028466239757
555,-13472.544965823618
556,-13451.13936197217
557,-13446.044386757258
558,-13442.875388512051
559,-13441.81759017918
560,-13439.079531628771
561,-13433.9851917032
562,-13418.380518662947
563,-13418.201509674047
564,-13411.484414745408
565,-13390.006280355004
566,-13381.755970229711
567,-13365.719312802195
568,-13365.532047531071
569,-13360.233589548085
570,-13354.244569633127
571,-13342.262843684248
572,-13333.66510033087
573,-13326.903136536528
574,-13326.408699591037
575,-13316.186847910942
576,-13309.84809589105
577,-13297.880374392345
578,-13291.377378109275
579,-13290.384874202533
580,-13271.527835042287
581,-13271.296617171829
582,-13263.167028609172
583,-13260.01480336555
584,-13248.307842740669
585,-13247.109396155494
586,-13245.80503570154
587,-13242.563245524461
588,-13217.836826873694
589,-13208.876440582344
590,-13206.71659187877
591,-13199.85095766138
592,-13191.529263456472
593,-13187.689971870208
594,-13182.008765821234
595,-13175.936685398347
596,-13170.007438463397
597,-13160.769841855768
598,-13159.411229424815
599,-13145.53095555325
600,-13135.741361299431
601,-13131.758284464173
602,-13128.95003619978
603,-13119.937113434962
604,-13114.60814375386
605,-13105.052267896735
606,-13102.285741591226
607,-13090.805461701346
608,-13081.860976270747
609,-13075.124292807695
610,-13059.571879853655
611,-13050.816319491087
612,-13042.97274166785
613,-13039.881286914959
614,-13013.185310093466
615,-13010.455601950522
616,-12999.952777781293
617,-12994.775509194536
618,-12990.90113046947
619,-12990.46376962309
620,-12979.007533876504
621,-12967.785539595987
622,-12961.779901587684
623,-12961.20693061312
624,-12950.546093918454
625,-12940.205889506891
626,-12937.912296497976
627,-12934.73829347567
628,-12921.63446299441
629,-12905.318851303646
630,-12903.07102803604
631,-12902.812130370916
632,-12899.011251091944
633,-12883.975945057478
634,-12882.046796329065
635,-12881.133976055653
636,-12871.045869958656
637,-12870.617370945865
638,-12869.465580043292
639,-12865.282400656632
640,-12854.584926381584
641,-12845.523579008966
642,-12826.955248349894
643,-12824.149022957909
644,-12813.806736891618
645,-12800.489580417518
646,-12793.308797567093
647,-12793.219043367837
648,-12791.422177632794
649,-12778.295411835341
650,-12767.47619553431
651,-12750.61608322129
652,-12746.574778700338
653,-12743.382749372488
654,-12737.826698134159
655,-12710.072523365689
656,-12689.401501257662
657,-12686.076597280318
658,-12684.536147327639
659,-12684.379547912264
660,-12671.805199693834
661,-12669.77238273978
662,-12662.637580445293
663,-12656.339398921973
664,-12654.379709787
665,-12651.670174380026
666,-12650.728097116824
667,-12649.199772250175
668,-12647.29486851082
669,-12646.923116442751
670,-12632.578339245334
671,-12628.876717575877
672,-12616.332898431314
673,-12613.282195922027
674,-12600.815485185329
675,-12591.721329489099
676,-12587.88692475552
677,-12584.87642015075
678,-12574.370333866336
679,-12568.769751445243
680,-12567.231540454797
681,-12549.400517362312
682,-12547.701284659497
683,-12538.59515541753
684,-12525.731140114543
685,-12520.662576450995
686,-12518.812377427843
687,-12517.14829465312
688,-12507.639186054117
689,-12502.719095717643
690,-12493.2015722677
691,-12488.337591042009
692,-12485.322088170129
693,-12483.702616273591
694,-12481.496314807144
695,-12474.677348375171
696,-12472.03935083143
697,-12471.64812102209
698,-12459.954751076484
699,-12456.019591389068
700,-12448.841722430598
701,-12448.551905689996
702,-12446.01104799727
703,-12444.094811262086
704,-12438.06708492279
705,-12435.912412145117
706,-12433.269953768553
707,-12432.323283420314
708,-12412.272294564173
709,-12411.965166071539
710,-12396.086340430851
711,-12395.851466751039
712,-12395.726406011057
713,-12390.28845544306
714,-12387.800726364656
715,-12367.499662028133
716,-12353.260385207535
717,-12349.715042547337
718,-12345.638163117374
719,-12344.236315148853
720,-12314.959538020254
721,-12302.013422162396
722,-12293.738552395387
723,-12289.76626968355
724,-12273.38798663
725,-12272.162139825481
726,-12270.869991807775
727,-12253.441088207135
728,-12252.696086444375
729,-12243.757642023813
730,-12237.850401905662
731,-12234.472427536062
732,-12233.261205304098
733,-12221.177661191883
734,-12214.301138714056
735,-12206.118825328782
736,-12178.77951895853
737,-12178.113438064542
738,-12164.609599718175
739,-12164.072665219335
740,-12163.843141020789
741,-12163.826035411363
742,-12159.531721612879
743,-12158.608781752895
744,-12135.88842923454
745,-12132.388104068543
746,-12121.57212607413
747,-12107.501479413291
748,-12086.308347311231
749,-12085.454799734007
750,-12085.15704243489
751,-12074.430077470088
752,-12070.168040337254
753,-12067.837893571326
754,-12064.669288844307
755,-12046.545168490904
756,-12035.264713434832
757,-12031.356857984263
758,-12028.445534019225
759,-12021.745446903897
760,-12008.378244493535
761,-12005.744735004637
762,-11994.154782536854
763,-11986.647763691499
764,-11975.833159743184
765,-11973.097090811023
766,-11963.615702609444
767,-11954.740699847405
768,-11951.710471649922
769,-11947.90916215268
770,-11944.221474733271
771,-11936.925851358057
772,-11929.357225120124
773,-11923.997820556944
774,-11920.607389365043
775,-11920.535765784909
776,-11902.46325813525
777,-11891.548093334592
778,-11883.651362091587
779,-11876.293488130495
780,-11875.206927913287
781,-11872.627806741115
782,-11868.065594125484
783,-11857.573317232354
784,-11856.028324571109
785,-11845.631324372229
786,-11839.871521471763
787,-11835.77402200657
788,-11827.768961300246
789,-11827.205957600283
790,-11823.704459251103
791,-11821.323877170846
792,-11812.533694432941
793,-11798.100100226207
794,-11795.981159842893
795,-11791.487350252843
796,-11762.453687368248
797,-11752.281026826577
798,-11745.80473338257
799,-11743.144473226594
800,-11740.520125104069
801,-11729.803609701206
802,-11720.226712321779
803,-11711.843247554383
804,-11696.22027007884
805,-11686.271923033333
806,-11682.566130150992
807,-11677.91119271392
808,-11676.699907751165
809,-11648.041591725603
810,-11610.557399355599
811,-11577.667815537701
812,-11574.5876333504
813,-11568.313201279925
814,-11554.27332000438
815,-11553.495933286506
816,-11551.706903977314
817,-11538.430721329283
818,-11538.338643922483
819,-11535.493645390712
820,-11531.83388107612
821,-11519.351243308754
822,-11513.44471116535
823,-11511.305206374936
824,-11500.221725292458
825,-11493.766421129025
826,-11485.743871592567
827,-11484.85266662594
828,-11478.24214486246
829,-11469.971337679548
830,-11457.59514095022
831,-11453.583333040602
832,-11452.546231184093
833,-11447.851530527829
834,-11445.321668413793
835,-11444.309888688582
836,-11431.539205824492
837,-11416.88668689999
838,-11406.603341992954
839,-11406.402088408478
840,-11403.231806029893
841,-11371.978594936149
842,-11367.574720629207
843,-11367.010763312606
844,-11362.369475810357
845,-11352.479098178383
846,-11339.54791880052
847,-11338.817207172122
848,-11326.715699079801
849,-11323.952137463395
850,-11323.58874028472
851,-11312.43632170231
852,-11309.278319818999
853,-11302.152065740283
854,-11288.203167157051
855,-11266.781190680193
856,-11250.652364985193
857,-11247.707976901242
858,-11244.073502786068
859,-11234.374169874609
860,-11224.078317553462
861,-11223.353032238685
862,-11217.090211951143
863,-11215.829747038886
864,-11206.567668099951
865,-11206.328381882433
866,-11197.535883545355
867,-11182.080426378256
868,-11172.158994584532
869,-11171.464979124017
870,-11145.264302206095
871,-11141.696100326631
872,-11140.617303199582
873,-11124.324964272615
874,-11108.575051480606
875,-11107.441174430307
876,-11094.637674633756
877,-11092.583981756898
878,-11085.583167938606
879,-11083.37494337109
880,-11070.095937948172
881,-11058.525040885806
882,-11055.579660258412
883,-11043.653485947481
884,-11043.30335698416
885,-11038.938668418794
886,-11027.503649230806
887,-11021.716888747473
888,-11021.515652417005
889,-11020.593476325212
890,-11019.11844780665
891,-11014.63288675039
892,-11003.132934383382
893,-10993.695432082879
894,-10989.424937206828
895,-10988.89679261738
896,-10980.548656513232
897,-10972.053501534687
898,-10955.433252577073
899,-10939.783568784791
900,-10917.407216134656
901,-10914.907396960403
902,-10908.882012490001
903,-10896.061315494802
904,-10883.107059802287
905,-10882.764805191971
906,-10882.491648464302
907,-10880.82150451605
908,-10840.87198118738
909,-10838.4969234307
910,-10835.828392576457
911,-10835.63904477747
912,-10832.373218647868
913,-10828.31380440601
914,-10809.758952121025
915,-10806.342580769578
916,-10803.869323930057
917,-10799.223200725968
918,-10796.411626302695
919,-10787.453915907816
920,-10785.018594800218
921,-10784.725141348767
922,-10756.896277180971
923,-10751.98465781961
924,-10747.024108030648
925,-10742.249798857432
926,-10731.387025167263
927,-10727.481751476893
928,-10721.052271339699
929,-10716.815681257152
930,-10710.465774592298
931,-10709.563788246931
932,-10707.612337915481
933,-10690.039587718877
934,-10679.640872639427
935,-10649.442137092077
936,-10647.71977268405
937,-10647.69926473535
938,-10626.341695762878
939,-10618.544371443608
940,-10612.174653665523
941,-10610.698431132798
942,-10589.08870725559
943,-10587.955309449007
944,-10582.439787956662
945,-10581.462597409634
946,-10574.476671493481
947,-10568.696408017537
948,-10564.001881206597
949,-10547.49906381011
950,-10529.774366556856
951,-10526.119260630514
952,-10525.824151808312
953,-10515.167083439155
954,-10505.255768463314
955,-10498.074956303415
956,-10495.56903837061
957,-10490.762103770085
958,-10486.24529935088
959,-10482.991278823925
960,-10481.426059547248
961,-10466.470204675972
962,-10449.034691222787
963,-10437.753330479094
964,-10435.98154189178
965,-10429.21739016719
966,-10428.819875533976
967,-10425.579175928802
968,-10416.682491467156
969,-10411.108381831149
970,-10410.654528845815
971,-10408.725231692888
972,-10398.124572434097
973,-10397.49057619722
974,-10393.745103723111
975,-10390.451408861243
976,-10383.531370548284
977,-10378.219869846529
978,-10371.885993219988
979,-10361.921515169974
980,-10347.090317958367
981,-10342.612827949535
982,-10331.81685019651
983,-10331.51958140709
984,-10330.253668592131
985,-10319.31097239231
986,-10311.47297382268
987,-10310.450272514863
988,-10307.696229946781
989,-10306.288031082371
990,-10303.380561312686
991,-10292.931950251092
992,-10288.532782304972
993,-10287.40777959704
994,-10286.877424014428
995,-10274.270387144375
996,-10268.373108238116
997,-10259.994332271279
998,-10249.674743875692
999,-10242.517491045164
1000,-10233.116385115416
1001,-10228.775726192576
1002,-10219.166165356453
1003,-10212.293058962152
1004,-10205.324799122352
1005,-10201.263964379199
1006,-10190.449565715264
1007,-10184.76006894916
1008,-10176.11801781492
1009,-10175.809385574994
1010,-10169.581943446796
1011,-10169.097065272223
1012,-10164.646175267975
1013,-10157.715941326871
1014,-10145.73485649746
1015,-10137.31183091417
1016,-10130.944109583219
1017,-10125.655172000825
1018,-10111.229032024532
1019,-10109.759816496122
1020,-10108.043802080112
1021,-10099.708324113702
1022,-10093.502319385248
1023,-10088.277337585541
1024,-10083.516568109506
1025,-10081.061662730406
1026,-10070.192425526999
1027,-10056.552378264783
1028,-10046.663645417846
1029,-10043.559693613066
1030,-10043.49707301319
1031,-10036.842095599954
1032,-10036.343957014175
1033,-10036.168857959841
1034,-10032.834103046163
1035,-10031.397586944968
1036,-10019.322159697063
1037,-10005.673646449635
1038,-10005.237944067576
1039,-9997.017115114862
1040,-9992.103756046881
1041,-9981.733023829922
1042,-9975.85818580061
1043,-9975.316006400511
1044,-9972.030869147598
1045,-9969.202194247477
1046,-9956.55395929105
1047,-9944.586431995973
1048,-9919.6683331115
1049,-9902.883205922179
1050,-9901.677072224062
1051,-9898.399811985188
1052,-9894.024477923413
1053,-9893.080484337726
1054,-9891.956940883341
1055,-9888.892567693038
1056,-9888.770517062087
1057,-9885.626190999197
1058,-9881.179574335438
1059,-9871.143741827542
1060,-9854.201582799682
1061,-9835.993651749202
1062,-9831.794196289702
1063,-9823.87529077647
1064,-9821.160579047653
1065,-9820.394723497651
1066,-9814.369974327547
1067,-9811.756022034731
1068,-9807.155480828298
1069,-9806.793249532951
1070,-9804.411890402704
1071,-9798.76873888639
1072,-9794.508809828221
1073,-9781.828915863918
1074,-9766.591645520522
1075,-9765.599873814252
1076,-9763.712411261615
1077,-9757.442085860584
1078,-9752.912325721916
1079,-9746.118868302548
1080,-9742.582288002315
1081,-9740.217489248029
1082,-9738.446082866805
1083,-9734.033726645117
1084,-9731.770487283686
1085,-9715.212065936166
1086,-9710.736820580705
1087,-9703.15689278012
1088,-9700.155461525324
1089,-9696.591412747493
1090,-9684.326622759703
1091,-9679.883675669302
1092,-9677.851285226645
1093,-9676.611490411005
1094,-9669.460099741718
1095,-9655.344438342298
1096,-9652.076860810097
1097,-9642.925543720436
1098,-9637.8860697977
1099,-9623.043565514365
1100,-9619.528509318568
1101,-9617.631448913697
1102,-9606.036044346542
1103,-9605.901382810787
1104,-9602.592479851663
1105,-9602.314393285964
1106,-9599.133958668228
1107,-9594.024084982764
1108,-9590.928214641172
1109,-9589.343668000067
1110,-9588.97787233763
1111,-9585.601556543159
1112,-9584.558596195544
1113,-9583.655036599148
1114,-9580.676332102365
1115,-9571.484593913467
1116,-9569.85562146016
1117,-9567.332397420136
1118,-9557.017614894823
1119,-9551.475643820188
1120,-9532.88243240679
1121,-9531.362068028453
1122,-9531.276448339418
1123,-9514.633561401235
1124,-9506.889936574982
1125,-9505.942648561526
1126,-9490.27890505076
1127,-9488.731110650368
1128,-9480.609029478996
1129,-9476.121842593613
1130,-9455.932708742856
1131,-9453.37532016874
1132,-9450.727319974683
1133,-9449.6683463562
1134,-9446.936382153654
1135,-9445.44279843635
1136,-9440.547771301588
1137,-9435.909663680872
1138,-9432.132806098789
1139,-9431.978648138918
1140,-9425.089126365638
1141,-9416.332805305832
1142,-9410.957956804012
1143,-9408.82730816089
1144,-9400.478942107908
1145,-9399.922572762565
1146,-9391.085221020636
1147,-9389.962323945203
1148,-9389.71633119043
1149,-9384.96553552277
1150,-9377.210309051883
1151,-9374.320319199538
1152,-9373.85039562149
1153,-9367.189517072959
1154,-9352.6736626338
1155,-9347.279209583958
1156,-9341.72394399409
1157,-9339.130761514738
1158,-9335.98048143212
1159,-9332.317414616089
1160,-9327.137706377129
1161,-9326.040668479398
1162,-9322.986210738456
1163,-9315.720436407773
1164,-9305.297266453137
1165,-9304.157940531684
1166,-9303.335164305801
1167,-9296.162332506765
1168,-9290.370359953122
1169,-9288.978362595994
1170,-9288.174922638722
1171,-9286.485151438594
1172,-9279.44550975359
1173,-9270.133674194527
1174,-9269.75209139402
1175,-9252.71043575205
1176,-9250.021266968395
1177,-9243.52876958331
1178,-9230.893350007758
1179,-9223.76356799065
1180,-9221.457646729203
1181,-9219.012135272824
1182,-9212.431172889417
1183,-9206.362194870557
1184,-9201.392815537654
1185,-9196.116877052335
1186,-9195.799924737104
1187,-9193.854393035763
1188,-9183.211879759656
1189,-9181.433056980251
1190,-9174.680372000856
1191,-9172.818333535744
1192,-9169.554623555829
1193,-9164.41357603987
1194,-9154.762460594355
1195,-9151.870566333871
1196,-9147.016877755332
1197,-9144.408354640404
1198,-9142.995463879062
1199,-9137.42008155648
1200,-9133.805860563163
1201,-9128.158860808093
1202,-9125.711513239443
1203,-9113.923066080182
1204,-9111.922155195507
1205,-9110.26340840273
1206,-9088.252382624773
1207,-9086.38434292794
1208,-9070.364407065992
1209,-9064.550520709745
1210,-9052.204099072615
1211,-9051.805699153081
1212,-9045.091832467595
1213,-9044.231492564968
1214,-9031.69963071058
1215,-9024.777555226
1216,-9023.245344643668
1217,-9022.037219278931
1218,-9020.23822630261
1219,-9006.869848421287
1220,-9004.381718393939
1221,-9002.379343909683
1222,-8993.806530375814
1223,-8991.25718203396
1224,-8990.59365795168
1225,-8983.118922988539
1226,-8973.972415272136
1227,-8972.409846665072
1228,-8971.407952572292
1229,-8970.971916936045
1230,-8967.674049713194
1231,-8958.086884358674
1232,-8956.269034464574
1233,-8955.823824534005
1234,-8954.094704306071
1235,-8947.735453580683
1236,-8946.905510491906
1237,-8946.429253881592
1238,-8946.238948539936
1239,-8943.985357398116
1240,-8942.685951556126
1241,-8941.617529701933
1242,-8939.064480473911
1243,-8936.727412771124
1244,-8934.922288621186
1245,-8934.76854989141
1246,-8932.550816217381
1247,-8931.150485060836
1248,-8928.601254275341
1249,-8927.512250398255
1250,-8911.656533900088
1251,-8910.149897628216
1252,-8895.094694976766
1253,-8889.739300319583
1254,-8884.467466941325
1255,-8884.189336974983
1256,-8872.85046839615
1257,-8862.625377764789
1258,-8854.832753297744
1259,-8849.462064252162
1260,-8848.185473469875
1261,-8845.817770577909
1262,-8845.100040737814
1263,-8839.961072018341
1264,-8828.430011536753
1265,-8826.704459501027
1266,-8819.56761981118
1267,-8819.379725320036
1268,-8815.73551621109
1269,-8814.775947142556
1270,-8814.64103669403
1271,-8812.367304374993
1272,-8788.857512859164
1273,-8787.386136004943
1274,-8779.848845360139
1275,-8777.413055793946
1276,-8772.715539734043
1277,-8769.336930966805
1278,-8762.671015690286
1279,-8760.45172419999
1280,-8755.778445443204
1281,-8751.16063311337
1282,-8750.019186685398
1283,-8748.956210425222
1284,-8748.508138469291
1285,-8748.456308114928
1286,-8743.750888914825
1287,-8739.658138025634
1288,-8737.340315294718
1289,-8737.065236212527
1290,-8730.74576993534
1291,-8725.423341574633
1292,-8724.732641665903
1293,-8724.246009201197
1294,-8723.724702039122
1295,-8710.526856249879
1296,-8701.41749362765
1297,-8698.36703251365
1298,-8693.1206935182
1299,-8685.810017488931
1300,-8685.560705101501
1301,-8685.347028883363
1302,-8681.619925340547
1303,-8676.27604139547
1304,-8674.92042711668
1305,-8654.286893247829
1306,-8653.600743270039
1307,-8644.816157634848
1308,-8638.644476654004
1309,-8638.346552942787
1310,-8638.21490972759
1311,-8628.827189000125
1312,-8627.403789260334
1313,-8613.372198002724
1314,-8603.965074268759
1315,-8601.179727752733
1316,-8601.101702166347
1317,-8600.609182425484
1318,-8594.804073256135
1319,-8592.384183661834
1320,-8589.921107301478
1321,-8589.199085481105
1322,-8585.238443397748
1323,-8579.662113972387
1324,-8573.39000878156
1325,-8571.700142303449
1326,-8570.079237800019
1327,-8562.07553988403
1328,-8561.44565913534
1329,-8560.652707672967
1330,-8559.467248160445
1331,-8551.03414439637
1332,-8550.818164041175
1333,-8544.223808416316
1334,-8544.218895715245
1335,-8544.127121442647
1336,-8537.295463496861
1337,-8536.298867005959
1338,-8533.862099528413
1339,-8520.082891890945
1340,-8508.7171542686
1341,-8501.864941567674
1342,-8496.694237170788
1343,-8496.675645512465
1344,-8495.08490647457
1345,-8488.106624870345
1346,-8483.03919974549
1347,-8482.290448335905
1348,-8480.875148507715
1349,-8479.813494536678
1350,-8469.640069390967
1351,-8468.321980802417
1352,-8457.068342658878
1353,-8453.369032554901
1354,-8452.512432678672
1355,-8451.608833960076
1356,-8451.203027482792
1357,-8441.486583585483
1358,-8441.24413447778
1359,-8434.466218997459
1360,-8430.009852041081
1361,-8429.621100646411
1362,-8427.40624264459
1363,-8427.359657300023
1364,-8426.631234870318
1365,-8425.303445740585
1366,-8422.24696178416
1367,-8416.596153812296
1368,-8414.566242547673
1369,-8410.243124743662
1370,-8406.678186713925
1371,-8404.411127933423
1372,-8403.922272067124
1373,-8395.5329939476
1374,-8395.414028512167
1375,-8394.54830473019
1376,-8386.65260399383
1377,-8384.282453325346
1378,-8377.577066709582
1379,-8376.39695548208
1380,-8374.759450116491
1381,-8369.216799133641
1382,-8368.67841258176
1383,-8358.780361458874
1384,-8344.520187066197
1385,-8342.161222527382
1386,-8337.627893046872
1387,-8330.283110555867
1388,-8325.207549058114
1389,-8322.019869323083
1390,-8318.908653989753
1391,-8307.763517184896
1392,-8301.186236199646
1393,-8287.968836906593
1394,-8280.55071620198
1395,-8280.389209794172
1396,-8273.006710143598
1397,-8271.116081120828
1398,-8267.102223085742
1399,-8266.916404403015
1400,-8264.72578588247
1401,-8252.321425346203
1402,-8251.995464700138
1403,-8251.063172712793
1404,-8245.844341323325
1405,-8241.668573095345
1406,-8236.016372908052
1407,-8231.900819491679
1408,-8230.040945049757
1409,-8228.253613253672
1410,-8224.533379055101
1411,-8222.092716030613
1412,-8206.749997469331
1413,-8205.319203381394
1414,-8202.1119105647
1415,-8181.556979739953
1416,-8181.240524210571
1417,-8179.504988216113
1418,-8177.201952712583
1419,-8174.508517411539
1420,-8173.499499352936
1421,-8170.24159944066
1422,-8169.8165595076725
1423,-8162.301820852965
1424,-8157.953592640237
1425,-8148.360456577215
1426,-8148.347297707109
1427,-8145.700097758787
1428,-8144.7861719850225
1429,-8138.338125868367
1430,-8131.783320814182
1431,-8131.541804047789
1432,-8130.185576947637
1433,-8119.459547734354
1434,-8097.018613819231
1435,-8085.05066016421
1436,-8084.430439157222
1437,-8082.359861369472
1438,-8069.854777370074
1439,-8067.2835728202335
1440,-8061.601878634244
1441,-8042.336066003434
1442,-8038.668892740779
1443,-8034.246846510916
1444,-8034.0422932139845
1445,-8020.670697946361
1446,-8017.974674904867
1447,-8016.941043996156
1448,-8013.829396567908
1449,-8012.282270244168
1450,-7996.858952333614
1451,-7988.577549442802
1452,-7982.273720059691
1453,-7981.618281626355
1454,-7981.43571376842
1455,-7975.735176640439
1456,-7971.976218281086
1457,-7971.852166051825
1458,-7969.67889700985
1459,-7966.630780650847
1460,-7956.483459468576
1461,-7950.691071604564
1462,-7950.295280012062
1463,-7949.148593371749
1464,-7932.958017782193
1465,-7932.606587071748
1466,-7932.24902411826
1467,-7921.800639929064
1468,-7921.267313820608
1469,-7910.032355734598
1470,-7909.419034790926
1471,-7903.912968115187
1472,-7902.128473106643
1473,-7898.122201702758
1474,-7897.6224066784025
1475,-7895.726940633196
1476,-7895.092562648761
1477,-7893.769493158623
1478,-7890.431036923288
1479,-7880.646038856756
1480,-7873.532597450867
1481,-7873.047707911783
1482,-7872.94348574898
1483,-7872.058095757189
1484,-7871.751979627579
1485,-7866.804929674856
1486,-7864.1346141540325
1487,-7861.665778053375
1488,-7859.25117047108
1489,-7852.210536989687
1490,-7850.929429150319
1491,-7846.88899589669
1492,-7846.291379395091
1493,-7835.310903779851
1494,-7834.2467101769
1495,-7828.535274327554
1496,-7820.712449987094
1497,-7819.803260693083
1498,-7813.007622487567
1499,-7812.012048670389
1500,-7811.310984943939
1501,-7793.59986440108
1502,-7793.597426758104
1503,-7789.789282887536
1504,-7789.445201857944
1505,-7786.864911915172
1506,-7784.715039456929
1507,-7784.343983576875
1508,-7783.33981712899
1509,-7780.73460983792
1510,-7780.391083973003
1511,-7779.745579205361
1512,-7778.642622358759
1513,-7776.966296275954
1514,-7774.466556165378
1515,-7768.837260615901
1516,-7768.089855168262
1517,-7760.018325870258
1518,-7745.812433873289
1519,-7742.332863909529
1520,-7741.729792627129
1521,-7739.397562687816
1522,-7732.229351917456
1523,-7730.570693287846
1524,-7727.05552602303
1525,-7725.589753414806
1526,-7717.188695417826
1527,-7715.135154890428
1528,-7708.7350687013
1529,-7708.674706322276
1530,-7707.37464946157
1531,-7702.57631188688
1532,-7701.974824789998
1533,-7698.997380850349
1534,-7697.503854571039
1535,-7692.7711456376455
1536,-7690.015006700085
1537,-7689.613238697613
1538,-7689.214771008828
1539,-7686.280760489256
1540,-7685.314587190555
1541,-7681.552668425329
1542,-7680.59791115763
1543,-7680.237911504851
1544,-7666.843567254866
1545,-7666.5626362470175
1546,-7663.418420928258
1547,-7660.6466589788815
1548,-7655.803134979957
1549,-7637.952410442596
1550,-7629.133404733055
1551,-7624.691785260255
1552,-7620.646355486109
1553,-7617.393115676718
1554,-7607.551280421236
1555,-7604.5417053520105
1556,-7602.2051668459935
1557,-7596.979115231543
1558,-7596.963586153439
1559,-7595.94080161977
1560,-7595.633392252292
1561,-7595.417937960923
1562,-7595.4035710702265
1563,-7590.600334694083
1564,-7584.843895135531
1565,-7576.72374166036
1566,-7569.386280583716
1567,-7564.802351738133
1568,-7560.4019154608995
1569,-7556.945339049715
1570,-7555.935681447469
1571,-7553.495115269741
1572,-7548.896690172844
1573,-7545.273859868559
1574,-7541.991225866133
1575,-7541.752603523813
1576,-7540.284319442066
1577,-7537.530732996403
1578,-7534.721233896407
1579,-7534.301370243542
1580,-7533.136503250764
1581,-7525.982096966623
1582,-7520.232393162629
1583,-7518.307273595244
1584,-7517.284114594771
1585,-7516.448584306911
1586,-7505.581207140509
1587,-7505.255918909308
1588,-7505.177669710214
1589,-7505.055130640763
1590,-7497.610303903417
1591,-7493.368396634623
1592,-7487.744740165064
1593,-7486.421389549634
1594,-7484.324790556926
1595,-7481.966324609438
1596,-7480.762626001855
1597,-7472.5576900793185
1598,-7467.970417812499
1599,-7466.758161596434
1600,-7465.786542248794
1601,-7463.105882382999
1602,-7459.984670023385
1603,-7457.168643534336
1604,-7456.557562550807
1605,-7452.5943906157245
1606,-7452.005868064243
1607,-7451.123460786104
1608,-7448.931847299838
1609,-7438.665003705915
1610,-7426.446937681818
1611,-7417.10352994166
1612,-7415.183320231933
1613,-7411.723682393351
1614,-7410.926500529171
1615,-7408.245700577734
1616,-7407.32782591077
1617,-7405.032542295693
1618,-7404.8381744719245
1619,-7403.900175052735
1620,-7399.300955665172
1621,-7392.839699018521
1622,-7387.81290607484
1623,-7385.434066974309
1624,-7377.074934622551
1625,-7372.931971613125
1626,-7368.986937824766
1627,-7360.861842800274
1628,-7356.868021726274
1629,-7351.610801152403
1630,-7347.87793794778
1631,-7346.826948153142
1632,-7345.051751791221
1633,-7340.378142251118
1634,-7339.599520959744
1635,-7337.464462094101
1636,-7335.560785683001
1637,-7334.7654600406295
1638,-7334.328566887466
1639,-7332.439206143699
1640,-7329.185110657958
1641,-7325.527006645976
1642,-7321.517791728391
1643,-7317.463376778986
1644,-7308.923931602554
1645,-7306.917613682654
1646,-7306.875316794976
1647,-7300.817252459943
1648,-7297.736957321825
1649,-7293.85580581564
1650,-7290.627820730955
1651,-7288.917620800244
1652,-7288.082205047947
1653,-7287.920226873525
1654,-7284.306691736874
1655,-7281.338276274881
1656,-7273.5158574297
1657,-7267.776462184922
1658,-7263.952272411723
1659,-7259.227428058497
1660,-7258.737660269675
1661,-7254.485534917725
1662,-7247.9722752865455
1663,-7246.023601631137
1664,-7244.043011282267
1665,-7239.380025417553
1666,-7238.587830092547
1667,-7232.807801951787
1668,-7229.164283373395
1669,-7219.316968007401
1670,-7216.395058493426
1671,-7215.317882761141
1672,-7212.863243161653
1673,-7206.616909001026
1674,-7204.594409621617
1675,-7197.215398383492
1676,-7194.927651220447
1677,-7190.6131299495755
1678,-7189.183350232088
1679,-7185.97415678582
1680,-7182.684159297158
1681,-7180.512252422477
1682,-7168.6309879925775
1683,-7168.163784972807
1684,-7166.872421200775
1685,-7162.972436309701
1686,-7162.348199930959
1687,-7159.9992048778495
1688,-7159.63204379827
1689,-7144.214983684672
1690,-7142.924178277764
1691,-7142.370943019347
1692,-7140.229306591782
1693,-7140.225610724923
1694,-7139.878890245009
1695,-7134.088441316011
1696,-7131.627302020233
1697,-7123.7628438254615
1698,-7122.668501628126
1699,-7118.08464383922
1700,-7115.287804740006
1701,-7112.760208827636
1702,-7112.085481039621
1703,-7102.622510328099
1704,-7094.34754804679
1705,-7092.320541489491
1706,-7091.937501965856
1707,-7084.512641755617
1708,-7082.93726174888
1709,-7082.871052087743
1710,-7080.883272466002
1711,-7080.644279916378
1712,-7080.311937103668
1713,-7074.422473014918
1714,-7069.843413831495
1715,-7064.53549768819
1716,-7047.627163297788
1717,-7043.70681238393
1718,-7042.589177683751
1719,-7040.64737446071
1720,-7039.955218302055
1721,-7037.802908763635
1722,-7036.797310708873
1723,-7018.021315057153
1724,-7016.448771277974
1725,-7015.7534765588625
1726,-7014.646189686531
1727,-7011.023117743845
1728,-7009.0816205491665
1729,-7008.076392454761
1730,-7003.4449067482965
1731,-6991.199667428491
1732,-6990.974360393924
1733,-6981.862810068416
1734,-6976.276719376579
1735,-6972.292312484684
1736,-6967.456474290778
1737,-6966.455097536802
1738,-6964.597896402145
1739,-6964.015437482069
1740,-6959.098094477233
1741,-6958.013619794998
1742,-6950.1366395002005
1743,-6948.570709860336
1744,-6947.685561630047
1745,-6947.359822670205
1746,-6943.516766364317
1747,-6935.792602358401
1748,-6934.22284513914
1749,-6924.442502984843
1750,-6922.849957871309
1751,-6921.6180534302475
1752,-6915.235954719692
1753,-6912.163332658925
1754,-6912.067147262376
1755,-6910.140667391925
1756,-6907.872772792432
1757,-6899.594625537543
1758,-6890.472828333988
1759,-6888.168237858765
1760,-6886.250254608436
1761,-6886.071545006536
1762,-6877.577830706889
1763,-6873.602090170868
1764,-6869.156355309875
1765,-6868.591946654475
1766,-6868.471606666768
1767,-6867.011869831838
1768,-6864.647469930724
1769,-6864.3707313912855
1770,-6855.781776358735
1771,-6849.993480446708
1772,-6849.962783985793
1773,-6845.55167782739
1774,-6834.962593315215
1775,-6834.712918798863
1776,-6832.1076221706535
1777,-6831.378600050031
1778,-6826.13094323
1779,-6824.232036610978
1780,-6822.753896569893
1781,-6815.735647272042
1782,-6814.172111676451
1783,-6803.844584892285
1784,-6796.920084539694
1785,-6781.620471579508
1786,-6779.201136817515
1787,-6775.454292871233
1788,-6774.936953920424
1789,-6772.790949774329
1790,-6772.7173819001855
1791,-6768.562773359717
1792,-6768.445293228004
1793,-6766.507006448854
1794,-6763.89931577316
1795,-6760.801697826009
1796,-6756.659634674568
1797,-6747.446576574563
1798,-6744.8754968993235
1799,-6743.496411309585
1800,-6742.292915517555
1801,-6741.345293970524
1802,-6737.955742203099
1803,-6732.532270063144
1804,-6732.259369622216
1805,-6719.693483620393
1806,-6718.706789962949
1807,-6713.687779878794
1808,-6712.2772099456615
1809,-6704.691465193506
1810,-6704.0641344024425
1811,-6696.29281994532
1812,-6693.370061036305
1813,-6688.854916446671
1814,-6683.071898889637
1815,-6680.062641667355
1816,-6677.004860280224
1817,-6675.020668898605
1818,-6669.721814588129
1819,-6668.818422054588
1820,-6668.077203626226
1821,-6663.647939197921
1822,-6663.04833024994
1823,-6660.377325524592
1824,-6657.708707000108
1825,-6657.325230112185
1826,-6657.199689629459
1827,-6656.259654292078
1828,-6655.414896720127
1829,-6652.943752110203
1830,-6651.462368718399
1831,-6647.217358380531
1832,-6646.506377339752
1833,-6645.656337634198
1834,-6644.743261427127
1835,-6640.845197550519
1836,-6637.77309264689
1837,-6634.181653103353
1838,-6624.903248812383
1839,-6618.927071689743
1840,-6609.301992479079
1841,-6603.944265628372
1842,-6598.653266428673
1843,-6595.964449851732
1844,-6590.387972840928
1845,-6589.5099746644955
1846,-6587.542043006677
1847,-6586.984056654215
1848,-6586.146558712955
1849,-6580.226989003826
1850,-6575.510284322168
1851,-6569.294659739728
1852,-6565.866993134923
1853,-6560.985518609381
1854,-6555.202358244134
1855,-6553.100110232699
1856,-6551.474032707711
1857,-6549.619688074608
1858,-6547.977511339108
1859,-6547.774711370905
1860,-6545.304937571003
1861,-6539.8105616158155
1862,-6536.695525173376
1863,-6536.041345002945
1864,-6534.489611681742
1865,-6534.405129843522
1866,-6533.108668853731
1867,-6528.183544258154
1868,-6520.652676005329
1869,-6519.876939995029
1870,-6519.265026458714
1871,-6512.771981414775
1872,-6502.2293797748225
1873,-6498.796200713539
1874,-6496.753862024007
1875,-6495.0204811700005
1876,-6492.268570753275
1877,-6487.451381771109
1878,-6486.782196491426
1879,-6482.018373268047
1880,-6476.55382862453
1881,-6475.703733580247
1882,-6473.8675606729485
1883,-6473.467299875021
1884,-6469.5332314772
1885,-6464.359555754312
1886,-6458.126523089275
1887,-6456.021920113388
1888,-6455.151960599891
1889,-6455.023227962021
1890,-6451.661749564832
1891,-6445.105039003076
1892,-6444.8304295618145
1893,-6440.236723288095
1894,-6438.392291909495
1895,-6432.1174868518265
1896,-6422.0661699037355
1897,-6419.089125883591
1898,-6417.31646204065
1899,-6411.650644838981
1900,-6410.616870987889
1901,-6407.642947648159
1902,-6406.944439292641
1903,-6399.762118320339
1904,-6393.179104643548
1905,-6392.182093275231
1906,-6391.7114315902945
1907,-6391.361542504825
1908,-6389.411136604718
1909,-6386.918499043295
1910,-6379.399283566356
1911,-6363.533132766377
1912,-6362.683704632895
1913,-6358.1466306385355
1914,-6357.230403879165
1915,-6355.828857983137
1916,-6354.472920903721
1917,-6354.048630104271
1918,-6348.798761586304
1919,-6348.584873086431
1920,-6346.680988143256
1921,-6339.942772184415
1922,-6334.448760231948
1923,-6331.576226560089
1924,-6326.493449949938
1925,-6317.399989109321
1926,-6310.422869814323
1927,-6309.975960077285
1928,-6302.595711593529
1929,-6301.37066839474
1930,-6296.3745754260635
1931,-6287.888296194417
1932,-6286.177987532905
1933,-6284.912021065873
1934,-6284.058344821111
1935,-6283.810623801017
1936,-6279.787777199783
1937,-6276.959378818548
1938,-6261.608103559822
1939,-6260.880531643143
1940,-6255.6939660516055
1941,-6254.631476900362
1942,-6254.214241251164
1943,-6252.820420888469
1944,-6249.45581272486
1945,-6248.065549971974
1946,-6245.999899742639
1947,-6244.591373076053
1948,-6238.169160515397
1949,-6227.977380243945
1950,-6217.889265336469
1951,-6213.075229624605
1952,-6209.693861028285
1953,-6204.270328373417
1954,-6203.833726956407
1955,-6203.55041494555
1956,-6201.151943354139
1957,-6200.0042482092085
1958,-6197.425692078203
1959,-6189.809497762859
1960,-6179.494964088237
1961,-6179.155418330367
1962,-6174.109858919268
1963,-6172.548113543369
1964,-6165.531606324921
1965,-6159.99843064808
1966,-6158.89298605791
1967,-6158.677711575181
1968,-6158.597769832777
1969,-6148.319847387051
1970,-6146.706388310215
1971,-6145.396724564294
1972,-6145.209092917696
1973,-6141.463274318334
1974,-6139.785121322691
1975,-6136.415473426801
1976,-6134.22886776475
1977,-6130.288990180519
1978,-6127.367538699906
1979,-6087.016383127497
1980,-6085.254991950096
1981,-6085.048699301264
1982,-6084.236418412933
1983,-6084.025534066521
1984,-6079.835021963359
1985,-6077.210736034722
1986,-6075.234278346674
1987,-6070.779384719909
1988,-6059.758505697706
1989,-6056.037230602538
1990,-6055.775687501005
1991,-6055.245092992471
1992,-6052.826895352566
1993,-6051.707852778634
1994,-6044.440560943696
1995,-6042.806071809373
1996,-6037.114672512847
1997,-6031.981746063659
1998,-6031.767162960372
1999,-6029.062832576943
2000,-6028.995725982193
2001,-6014.716125579638
2002,-6013.112991552067
2003,-6012.074183252094
2004,-6003.957414586037
2005,-5998.178208406053
2006,-5997.896458182924
2007,-5995.966819303672
2008,-5995.654763018458
2009,-5993.821696192583
2010,-5992.0972170271925
2011,-5991.476398952087
2012,-5988.281482693677
2013,-5984.935767090554
2014,-5980.926681107694
2015,-5966.882960443225
2016,-5963.62821585098
2017,-5960.417973168787
2018,-5955.406245928432
2019,-5954.16876787703
2020,-5953.258415917291
2021,-5942.456340054603
2022,-5937.385226485974
2023,-5937.086751070512
2024,-5936.804078199708
2025,-5935.027895819045
2026,-5933.232464064251
2027,-5932.269782039479
2028,-5930.501659137046
2029,-5930.438861572462
2030,-5920.537434200998
2031,-5916.426877268255
2032,-5909.696446487609
2033,-5909.517118434776
2034,-5907.7407199619975
2035,-5904.367862252453
2036,-5904.360127723459
2037,-5898.908154484503
2038,-5898.778366135299
2039,-5896.724104167692
2040,-5895.84017607261
2041,-5893.424280603429
2042,-5886.508511814662
2043,-5882.750048230511
2044,-5881.118114760944
2045,-5880.851474857298
2046,-5880.819280292839
2047,-5875.877342405463
2048,-5867.0346791437005
2049,-5865.381115443518
2050,-5863.683691346638
2051,-5859.642099245317
2052,-5854.965491996909
2053,-5853.786885122472
2054,-5851.4759538279195
2055,-5847.447212199353
2056,-5847.020909503421
2057,-5844.6865960659925
2058,-5833.066063335411
2059,-5827.321646241167
2060,-5824.337955906982
2061,-5824.234788192036
2062,-5820.59514724053
2063,-5818.894392220064
2064,-5807.642220974249
2065,-5802.5111885675005
2066,-5790.710155815394
2067,-5784.520910222376
2068,-5784.2553800815695
2069,-5783.624155831376
2070,-5780.9135436172655
2071,-5777.750938294443
2072,-5774.6611541383845
2073,-5771.022153868242
2074,-5768.445059989899
2075,-5768.248734970224
2076,-5761.083574446566
2077,-5759.373015468691
2078,-5757.8283128834755
2079,-5753.884298566645
2080,-5753.832177724864
2081,-5753.452100718534
2082,-5750.377984769404
2083,-5749.628864948998
2084,-5746.890932462891
2085,-5731.53907802052
2086,-5729.462299334562
2087,-5722.630276767441
2088,-5721.720237958149
2089,-5721.133664682877
2090,-5720.9694889851235
2091,-5718.120034998239
2092,-5718.097492963572
2093,-5713.02643824842
2094,-5705.33274757166
2095,-5700.711817530124
2096,-5693.6524242783835
2097,-5692.953925475489
2098,-5692.750729230251
2099,-5692.027623343048
2100,-5691.071305052406
2101,-5687.96295812604
2102,-5686.418775389902
2103,-5681.604029229007
2104,-5680.283417206823
2105,-5676.2903364436315
2106,-5675.830839585073
2107,-5670.961827339172
2108,-5670.765112783132
2109,-5670.355499270243
2110,-5670.036596313295
2111,-5666.398401427676
2112,-5662.27742343512
2113,-5661.774732527754
2114,-5659.237185326994
2115,-5659.235068545409
2116,-5650.503829295381
2117,-5647.30637951055
2118,-5642.398750029159
2119,-5640.580495277869
2120,-5635.224071239723
2121,-5624.137030721011
2122,-5622.026765953211
2123,-5615.751523500288
2124,-5612.252461307256
2125,-5611.755408705643
2126,-5603.297414042418
2127,-5603.2540576518895
2128,-5598.024253574778
2129,-5597.9193704784975
2130,-5593.89342533512
2131,-5592.981447384605
2132,-5588.676086023675
2133,-5576.496432985097
2134,-5566.956744358995
2135,-5553.038303653837
2136,-5547.396788777192
2137,-5545.491257707263
2138,-5543.570651761649
2139,-5526.7813023523595
2140,-5526.522954143753
2141,-5523.340115180348
2142,-5522.353348948747
2143,-5517.17882105838
2144,-5515.183275071526
2145,-5513.04135190624
2146,-5512.564940366139
2147,-5508.417332191912
2148,-5505.574142278317
2149,-5504.442695756248
2150,-5502.255286550153
2151,-5495.884172392167
2152,-5488.797501179615
2153,-5485.2543871446705
2154,-5484.857034556051
2155,-5482.938616810321
2156,-5474.505648987677
2157,-5473.953335096447
2158,-5469.068015535331
2159,-5467.863543834458
2160,-5465.9303781027065
2161,-5465.092822223411
2162,-5461.097971879415
2163,-5460.961607838108
2164,-5458.690303986365
2165,-5445.7113363965545
2166,-5445.259753586342
2167,-5442.74391273205
2168,-5441.924862116955
2169,-5436.802621170402
2170,-5433.359235389693
2171,-5432.027262908079
2172,-5428.970505087693
2173,-5426.0392272869685
2174,-5425.5901339194625
2175,-5421.776976324287
2176,-5421.283273969215
2177,-5420.583064407956
2178,-5413.559318923077
2179,-5413.536164100929
2180,-5412.26662108086
2181,-5409.344845272524
2182,-5408.677403068501
2183,-5391.332000331164
2184,-5381.85059199543
2185,-5380.970159088707
2186,-5367.660185387485
2187,-5365.973888369759
2188,-5358.428810986115
2189,-5356.8822100326
2190,-5352.853965224762
2191,-5351.380570382751
2192,-5347.021932487598
2193,-5345.412425351971
2194,-5342.33319670192
2195,-5335.103516465359
2196,-5332.48993615351
2197,-5332.28469288116
2198,-5329.043277181849
2199,-5320.670073661664
2200,-5313.1629506550635
2201,-5310.995601109647
2202,-5307.255646005822
2203,-5303.2205554534685
2204,-5299.696474626624
2205,-5297.039813652639
2206,-5295.2907414864185
2207,-5291.237006465724
2208,-5282.954921590976
2209,-5280.746571735857
2210,-5273.512765142489
2211,-5260.283618150452
2212,-5257.373313985339
2213,-5256.725852880145
2214,-5252.069921726437
2215,-5249.496157348383
2216,-5249.286390808367
2217,-5242.783252971129
2218,-5241.340625274963
2219,-5239.4952906086055
2220,-5237.789694690584
2221,-5236.015449811615
2222,-5233.52192357041
2223,-5228.161097148475
2224,-5226.891338902191
2225,-5225.694774071782
2226,-5224.915093092903
2227,-5213.9347212426765
2228,-5208.3319930710095
2229,-5198.610190705524
2230,-5190.5606863611865
2231,-5185.944665020899
2232,-5184.790696152859
2233,-5181.092817530898
2234,-5175.8433073248125
2235,-5175.2111305744875
2236,-5172.3999534319355
2237,-5171.5843434228955
2238,-5165.957327757587
2239,-5165.615065888835
2240,-5164.701283808548
2241,-5163.932423832435
2242,-5162.761514125299
2243,-5161.1341125305335
2244,-5155.601919510638
2245,-5149.2146503859
2246,-5147.600174385536
2247,-5147.0012995175875
2248,-5142.07042827925
2249,-5141.539887065572
2250,-5139.481616801388
2251,-5138.390164048613
2252,-5135.60007611463
2253,-5132.019706886527
2254,-5128.686376226553
2255,-5128.428451757143
2256,-5127.24813071274
2257,-5125.995118565037
2258,-5122.208659916603
2259,-5105.756547637075
2260,-5090.027071275192
2261,-5084.942049067742
2262,-5084.039124009962
2263,-5083.256991597227
2264,-5078.919038542841
2265,-5077.98259804902
2266,-5062.972103445587
2267,-5062.9313860804705
2268,-5062.677595922252
2269,-5062.05354814071
2270,-5058.42515887595
2271,-5057.190762424623
2272,-5055.035586736107
2273,-5053.287442928797
2274,-5050.402775560089
2275,-5040.539323996016
2276,-5039.206208655134
2277,-5038.6870867082125
2278,-5037.1090338163995
2279,-5031.22998383254
2280,-5029.955764159793
2281,-5028.478268700144
2282,-5025.9426183263695
2283,-5024.84845197641
2284,-5014.414578545784
2285,-5010.6523080893
2286,-5008.053884190071
2287,-5002.240284486341
2288,-5001.64232451637
2289,-4998.238247806581
2290,-4995.679735959004
2291,-4994.073637520836
2292,-4990.915264707359
2293,-4988.510444106198
2294,-4982.853405269576
2295,-4980.11398964575
2296,-4977.471517057911
2297,-4967.705993604342
2298,-4965.976659478287
2299,-4962.811623138643
2300,-4956.921622763128
2301,-4952.22863168738
2302,-4943.187591244157
2303,-4935.0735454911755
2304,-4931.6268159561005
2305,-4930.642223015464
2306,-4930.350327922155
2307,-4927.451425184641
2308,-4922.617682441643
2309,-4921.1748755285735
2310,-4920.712324645843
2311,-4918.473040384943
2312,-4909.60275152752
2313,-4903.139414320436
2314,-4899.904261159518
2315,-4898.758960743156
2316,-4897.226838425784
2317,-4894.454004998926
2318,-4892.94883021864
2319,-4888.52325058267
2320,-4887.75998243504
2321,-4886.2104226719
2322,-4884.880886242607
2323,-4881.543342347172
2324,-4879.656619161531
2325,-4876.21376319077
2326,-4875.175313947708
2327,-4871.467622357195
2328,-4870.733321285459
2329,-4869.397592226742
2330,-4869.361298038424
2331,-4865.496488622364
2332,-4862.902480737017
2333,-4858.925523195251
2334,-4854.118325640682
2335,-4853.675547557235
2336,-4850.664310975075
2337,-4845.088511567925
2338,-4843.670055446284
2339,-4839.458839742827
2340,-4838.054654260966
2341,-4832.940727924788
2342,-4830.291766127237
2343,-4828.0714577350955
2344,-4825.737686064475
2345,-4821.799302160567
2346,-4814.572152363844
2347,-4812.1053771834595
2348,-4804.477045133644
2349,-4802.245755866092
2350,-4800.218409117437
2351,-4799.948748397121
2352,-4798.776132161116
2353,-4796.275366880287
2354,-4794.283430638097
2355,-4791.257737612157
2356,-4789.740218659717
2357,-4778.156765364272
2358,-4773.575751824216
2359,-4771.073180872976
2360,-4761.9684454696
2361,-4761.0580462540765
2362,-4758.466948211346
2363,-4756.962140156897
2364,-4750.677978189846
2365,-4747.926405636357
2366,-4747.903266846275
2367,-4742.114147139026
2368,-4738.504347300505
2369,-4736.672429026068
2370,-4734.8745360450175
2371,-4733.979039283691
2372,-4733.030675749389
2373,-4729.282641443189
2374,-4728.06905233376
2375,-4727.991450491063
2376,-4727.55045801094
2377,-4726.682683273351
2378,-4722.4518180340765
2379,-4719.947370460966
2380,-4714.69456954099
2381,-4710.074719177852
2382,-4705.589226085423
2383,-4695.715673754541
2384,-4694.185299729537
2385,-4687.9964605190435
2386,-4684.691866012712
2387,-4683.853552883667
2388,-4675.301012939346
2389,-4662.602478478457
2390,-4660.890798496404
2391,-4655.904062839469
2392,-4655.248256952653
2393,-4652.205015072015
2394,-4642.428134703312
2395,-4639.8018597392675
2396,-4639.788734211801
2397,-4637.380489107045
2398,-4636.420854061542
2399,-4633.854661423193
2400,-4628.97742111791
2401,-4627.1746307872945
2402,-4626.765523159066
2403,-4625.229299668396
2404,-4622.902910688041
2405,-4621.427062320161
2406,-4617.781317138582
2407,-4616.933787557176
2408,-4614.745378022195
2409,-4609.8217203087515
2410,-4607.89935609149
2411,-4604.994992490983
2412,-4591.834093840227
2413,-4572.154175710315
2414,-4571.617904326302
2415,-4568.761280940633
2416,-4565.884978050835
2417,-4565.663448029736
2418,-4561.703161452637
2419,-4560.009875546599
2420,-4558.575749416099
2421,-4552.345898839971
2422,-4548.615901305815
2423,-4547.520235706959
2424,-4540.529921672067
2425,-4540.0914895254045
2426,-4538.004977275503
2427,-4537.588773329344
2428,-4535.459702412698
2429,-4534.11165105814
2430,-4532.23516141401
2431,-4523.11798397315
2432,-4513.385477753465
2433,-4513.007874904935
2434,-4508.7703506131165
2435,-4505.048212875146
2436,-4498.509755147386
2437,-4495.620859443821
2438,-4491.375451230653
2439,-4490.017870847865
2440,-4488.385493052339
2441,-4484.417712155382
2442,-4475.94493690502
2443,-4474.168524698334
2444,-4473.438450661559
2445,-4473.098082001996
2446,-4471.607874360354
2447,-4467.85347946874
2448,-4465.63079421136
2449,-4461.254078993592
2450,-4450.163144196762
2451,-4449.615844492419
2452,-4440.607170520683
2453,-4440.357001290213
2454,-4437.689840825162
2455,-4433.483920680408
2456,-4430.402642225365
2457,-4424.238131594262
2458,-4423.867597822058
2459,-4422.329861312279
2460,-4421.356338775531
2461,-4420.585541080822
2462,-4419.11194642716
2463,-4414.575212953097
2464,-4408.510167064229
2465,-4403.375170202784
2466,-4402.296210088689
2467,-4394.412570957262
2468,-4388.4823360114715
2469,-4379.794358673889
2470,-4379.022979165067
2471,-4378.393879468686
2472,-4377.675552768613
2473,-4364.899669638602
2474,-4354.1506945766305
2475,-4342.519991269799
2476,-4333.598691378174
2477,-4333.571421517709
2478,-4330.975116312999
2479,-4327.681070892162
2480,-4325.35557061715
2481,-4319.356494893931
2482,-4315.579047272011
2483,-4308.66367876131
2484,-4308.07086155457
2485,-4307.81231722707
2486,-4300.574680467005
2487,-4294.473771840447
2488,-4289.820245524028
2489,-4287.785101603837
2490,-4286.940443362386
2491,-4282.024358133938
2492,-4276.406824774476
2493,-4274.459115549696
2494,-4267.90694947603
2495,-4260.529951098637
2496,-4249.606000308171
2497,-4245.686259499238
2498,-4239.296568891112
2499,-4237.529438585918
2500,-4236.350012839858
2501,-4233.712107987094
2502,-4233.42881045676
2503,-4228.604080281217
2504,-4228.444866014694
2505,-4227.00328273515
2506,-4226.120020589213
2507,-4224.643002184448
2508,-4224.1921323740335
2509,-4219.46203195948
2510,-4217.58140513131
2511,-4217.157611528071
2512,-4214.490695900802
2513,-4214.176348800949
2514,-4213.830435420949
2515,-4213.487312707208
2516,-4209.0364905449205
2517,-4208.579335767012
2518,-4205.2722430193535
2519,-4204.929707132256
2520,-4203.623022692833
2521,-4197.031700312602
2522,-4188.912090562877
2523,-4184.1343592151225
2524,-4180.009691725574
2525,-4179.590380918464
2526,-4166.572481017369
2527,-4163.950388171748
2528,-4162.049937239546
2529,-4157.344103659669
2530,-4157.303881564467
2531,-4151.848102627675
2532,-4139.440216850209
2533,-4137.443937891318
2534,-4137.127413629982
2535,-4136.126248869625
2536,-4129.434554963649
2537,-4124.172781293026
2538,-4118.368777745682
2539,-4117.537803030313
2540,-4101.113243680016
2541,-4095.349142424737
2542,-4093.253136732481
2543,-4091.821735350939
2544,-4083.203999322026
2545,-4072.480215131518
2546,-4060.6765658085005
2547,-4056.2403988794595
2548,-4050.5916705944474
2549,-4048.782917592842
2550,-4044.306172420789
2551,-4041.041169560962
2552,-4038.599511128994
2553,-4031.06494573121
2554,-4030.8196372456623
2555,-4030.676604645021
2556,-4030.1714706350485
2557,-4028.694565981232
2558,-4027.640869551198
2559,-4020.8873263124533
2560,-4015.6251409459237
2561,-4013.207151548255
2562,-4006.857265802033
2563,-4006.311330986633
2564,-4000.428558007763
2565,-4000.324691836793
2566,-3994.7408804200713
2567,-3992.3393569392247
2568,-3991.9032235114482
2569,-3983.0644721931712
2570,-3982.21919364092
2571,-3977.7277892443153
2572,-3975.761306493192
2573,-3964.8612024566337
2574,-3959.6021725725477
2575,-3956.0431967426957
2576,-3949.137895315993
2577,-3948.2463820345874
2578,-3947.8735026950017
2579,-3940.2130321283184
2580,-3938.5990791917666
2581,-3938.415221100704
2582,-3936.651975618961
2583,-3934.4266435418976
2584,-3933.4315134915378
2585,-3932.9843343142784
2586,-3927.6332644644062
2587,-3926.046005754948
2588,-3925.123205383319
2589,-3924.1178982878864
2590,-3922.6412150226133
2591,-3910.2651363031127
2592,-3906.2519678334265
2593,-3899.148599139744
2594,-3898.9469527165675
2595,-3893.8656362250313
2596,-3891.9535167807153
2597,-3887.202646044425
2598,-3886.382469076616
2599,-3882.606433343244
2600,-3879.3780005813314
2601,-3878.296669417514
2602,-3874.7325915800466
2603,-3868.275290450645
2604,-3863.760523603556
2605,-3860.9646962622064
2606,-3855.6033865798017
2607,-3855.036317634247
2608,-3853.257395723256
2609,-3850.6042160915276
2610,-3844.730796823811
2611,-3842.664800643468
2612,-3841.4178350757575
2613,-3840.050232975872
2614,-3829.16019921531
2615,-3829.1268194403146
2616,-3828.4818519171786
2617,-3821.4052278194486
2618,-3819.2639251284772
2619,-3818.1357088610202
2620,-3817.743332981114
2621,-3805.397738214031
2622,-3803.316900212094
2623,-3799.1111964902702
2624,-3798.7365154416257
2625,-3786.25821213784
2626,-3780.76026484011
2627,-3778.3731484242217
2628,-3766.770409629564
2629,-3763.507413705209
2630,-3762.1909342213003
2631,-3761.860878119289
2632,-3758.2113358669903
2633,-3756.1103415543894
2634,-3752.0775511131505
2635,-3746.293215953083
2636,-3745.909346770917
2637,-3739.871421718366
2638,-3736.080334517358
2639,-3733.4899048863626
2640,-3724.3911847403633
2641,-3723.2462647749744
2642,-3720.739761954239
2643,-3717.1589401427755
2644,-3712.7224833610644
2645,-3706.23401334132
2646,-3703.9885828194856
2647,-3703.6645375537064
2648,-3696.559281280941
2649,-3693.443789522482
2650,-3690.380078535798
2651,-3689.900432149536
2652,-3684.7819468050075
2653,-3678.2662374580486
2654,-3672.7972931995155
2655,-3670.349212665158
2656,-3663.808782728298
2657,-3661.141294594241
2658,-3660.6143174269364
2659,-3657.504691328626
2660,-3656.0354804226226
2661,-3651.050723399272
2662,-3649.565912935326
2663,-3648.5161522949948
2664,-3641.3615419496327
2665,-3637.315641715162
2666,-3635.674571327778
2667,-3632.5122704604964
2668,-3628.9091553986527
2669,-3627.4354960860837
2670,-3626.8323448693263
2671,-3615.7523843569015
2672,-3604.9799640194033
2673,-3601.019722958451
2674,-3595.296832121472
2675,-3594.805372942621
2676,-3594.4218610938424
2677,-3586.5830599343353
2678,-3586.5287818904053
2679,-3586.462268561956
2680,-3585.189983303684
2681,-3575.276098106122
2682,-3567.926503546927
2683,-3567.8644559648474
2684,-3556.1599213102472
2685,-3555.12962778942
2686,-3554.048171298182
2687,-3542.701203389035
2688,-3539.732371320397
2689,-3523.2133778738516
2690,-3520.976118457178
2691,-3517.277375867434
2692,-3516.4294448176843
2693,-3511.221446357993
2694,-3505.685444968387
2695,-3500.728728116528
2696,-3490.6488903929294
2697,-3490.2880674873504
2698,-3486.8186037825108
2699,-3484.0901488514683
2700,-3478.1551629733476
2701,-3476.656133184064
2702,-3470.459216863115
2703,-3469.2433903695655
2704,-3465.436729888508
2705,-3464.2118563052954
2706,-3464.1107874154804
2707,-3457.1046608789475
2708,-3450.671346412544
2709,-3449.4598023373383
2710,-3447.534380648576
2711,-3443.4545363003763
2712,-3442.5708046704694
2713,-3440.4745244787446
2714,-3436.462847302464
2715,-3434.0878619925497
2716,-3433.84198968905
2717,-3431.4021220821887
2718,-3431.102703527966
2719,-3424.636176195392
2720,-3423.5227301453433
2721,-3420.943490040152
2722,-3418.045702460915
2723,-3414.8770495729077
2724,-3414.816067179563
2725,-3409.6505103474738
2726,-3406.7228334947795
2727,-3405.93398322093
2728,-3405.8500760932966
2729,-3404.9781252088906
2730,-3396.507027688349
2731,-3394.165177277373
2732,-3385.597342283436
2733,-3381.8436272177823
2734,-3378.937252677875
2735,-3378.0221073569355
2736,-3368.1044688223155
2737,-3364.8315313451276
2738,-3363.7594316325412
2739,-3363.2781418689665
2740,-3358.9875394212504
2741,-3358.9225630698984
2742,-3350.942570219202
2743,-3349.574930525743
2744,-3344.7304073974356
2745,-3344.2064088560383
2746,-3340.9486118077184
2747,-3328.319365997613
2748,-3327.7604198681
2749,-3320.723931284212
2750,-3319.760613412611
2751,-3308.400957222979
2752,-3303.138676667737
2753,-3299.7587845746275
2754,-3299.2824605944043
2755,-3296.8496329643767
2756,-3296.0783916133514
2757,-3295.651896642523
2758,-3286.290618653489
2759,-3280.215197817475
2760,-3279.9846863793573
2761,-3279.3130798888924
2762,-3276.7997920710695
2763,-3275.3869338005497
2764,-3275.3666914521655
2765,-3272.600356418847
2766,-3272.3022444564212
2767,-3264.5995815237056
2768,-3261.0509054747617
2769,-3261.027703705682
2770,-3260.717160904387
2771,-3259.9213551068497
2772,-3258.310497023809
2773,-3251.360111336542
2774,-3250.5519075746597
2775,-3249.077586782605
2776,-3248.5131888023116
2777,-3244.296483987091
2778,-3241.125708713247
2779,-3235.6108098334225
2780,-3233.745460201473
2781,-3224.8665397546047
2782,-3216.9910468318794
2783,-3211.527972302347
2784,-3200.102593580952
2785,-3194.410169211662
2786,-3192.322109596995
2787,-3184.957799012751
2788,-3183.471417861416
2789,-3176.709387053992
2790,-3171.5196608667884
2791,-3168.674628465398
2792,-3163.9325756998296
2793,-3163.290211514419
2794,-3158.8906010118917
2795,-3158.469412186634
2796,-3153.988633961775
2797,-3151.0430706794978
2798,-3142.028796424598
2799,-3139.8168057288385
2800,-3139.769684564568
2801,-3135.617011161783
2802,-3134.189019428757
2803,-3132.884081676546
2804,-3132.7718380831047
2805,-3130.0666350179454
2806,-3125.4342222703417
2807,-3117.610571509471
2808,-3109.7767301419426
2809,-3108.169094505445
2810,-3107.8795640388525
2811,-3097.48433842982
2812,-3095.509110027011
2813,-3085.0042588870274
2814,-3084.3307034352565
2815,-3081.860859959528
2816,-3080.3951592602843
2817,-3076.1695115975217
2818,-3074.836444769757
2819,-3067.6597535894634
2820,-3065.3402436299584
2821,-3064.95184022807
2822,-3054.503665005159
2823,-3044.2112574477324
2824,-3043.7859921669224
2825,-3043.7560577940203
2826,-3042.7658027910857
2827,-3035.5395257956043
2828,-3035.0858869263557
2829,-3033.26981807467
2830,-3030.363703454059
2831,-3029.105351975786
2832,-3027.129131396403
2833,-3022.5291358105187
2834,-3020.15121275164
2835,-3019.8166082935822
2836,-3011.022073674658
2837,-3008.9836297921047
2838,-3006.545379766216
2839,-3006.2054647419627
2840,-3003.872382680276
2841,-3002.5426219620895
2842,-2998.6891459475264
2843,-2989.8753023398112
2844,-2986.5964944100106
2845,-2985.5702241384697
2846,-2985.4946292703535
2847,-2983.0727821015844
2848,-2978.7811992528586
2849,-2977.6463018641225
2850,-2973.7203467661775
2851,-2971.5918132336938
2852,-2971.1615536501013
2853,-2966.746640984127
2854,-2965.2115464491762
2855,-2963.6212100583834
2856,-2957.5788073358835
2857,-2955.681305052536
2858,-2954.3146506736175
2859,-2952.3529651465615
2860,-2950.0289511055344
2861,-2949.302928256897
2862,-2944.4258515342754
2863,-2934.557974029065
2864,-2931.672888488014
2865,-2927.211524301616
2866,-2923.7938753099315
2867,-2920.527788032936
2868,-2918.127417590549
2869,-2916.367375181004
2870,-2915.9846178356747
2871,-2915.228998069333
2872,-2914.506727902588
2873,-2914.3966972103153
2874,-2910.562805974718
2875,-2908.8239941056017
2876,-2904.8705823080236
2877,-2904.350628399632
2878,-2900.2309371617666
2879,-2898.083644180835
2880,-2897.178709534579
2881,-2895.390225319472
2882,-2891.9648148507404
2883,-2891.876011385313
2884,-2889.8197594848007
2885,-2889.6086274320514
2886,-2886.9563312488626
2887,-2886.5500749918374
2888,-2885.820913946145
2889,-2880.221236805799
2890,-2875.6159793028964
2891,-2874.093786458896
2892,-2873.4686616721774
2893,-2872.8666699603946
2894,-2872.2880903885944
2895,-2869.506491984561
2896,-2868.418450558658
2897,-2867.5491807671497
2898,-2865.4812985584485
2899,-2859.8137786116768
2900,-2856.0670126084806
2901,-2850.373810478739
2902,-2849.4596431345635
2903,-2847.2521624987494
2904,-2846.036768129512
2905,-2845.248357164275
2906,-2842.5534353967305
2907,-2838.9905968592957
2908,-2833.7975939600838
2909,-2833.7502621724816
2910,-2833.3758730857644
2911,-2832.950749456255
2912,-2832.7029146729037
2913,-2832.593606691331
2914,-2830.4439340746794
2915,-2829.7589786847457
2916,-2829.6778864116022
2917,-2828.333968298386
2918,-2828.116714817692
2919,-2827.7039795248875
2920,-2826.8842372648705
2921,-2823.0794465638864
2922,-2819.760882544044
2923,-2819.248950058358
2924,-2816.6742376534985
2925,-2815.042571871678
2926,-2810.8388953183057
2927,-2808.969583727636
2928,-2803.8274686913683
2929,-2801.9457439319485
2930,-2799.872062466231
2931,-2795.387885066759
2932,-2794.0815321935024
2933,-2793.466162492572
2934,-2792.538392255581
2935,-2792.3652835337325
2936,-2788.4792511953747
2937,-2785.6501413258593
2938,-2775.9878378318517
2939,-2775.761531315018
2940,-2769.2485546750177
2941,-2768.071597902448
2942,-2764.1431344592747
2943,-2763.073362969808
2944,-2762.0254280894414
2945,-2758.8353431783216
2946,-2758.194619349839
2947,-2756.154709656672
2948,-2752.6096471361634
2949,-2750.6061087671806
2950,-2750.3523493697885
2951,-2748.3131971286257
2952,-2746.2425358301243
2953,-2744.1882838975143
2954,-2742.4192669335043
2955,-2740.8298699195147
2956,-2740.780896199787
2957,-2740.2138001975472
2958,-2739.2949935987526
2959,-2732.9580808415176
2960,-2729.2632750614794
2961,-2728.8999926145225
2962,-2728.667970599001
2963,-2726.8858488194674
2964,-2725.6653066539257
2965,-2719.2802185281616
2966,-2717.1443850408214
2967,-2714.734453144618
2968,-2712.1099360104363
2969,-2711.673218383652
2970,-2706.7931028299827
2971,-2706.480283069448
2972,-2704.5682253086725
2973,-2703.208484293382
2974,-2702.1456222555244
2975,-2696.9040345513895
2976,-2696.6961073082875
2977,-2692.6156150290317
2978,-2691.580821171354
2979,-2684.66091734823
2980,-2684.0103942460155
2981,-2680.2584495418487
2982,-2677.5935700698137
2983,-2676.0430742021326
2984,-2673.8600068418073
2985,-2672.7668886707597
2986,-2671.6830672772867
2987,-2671.325819207146
2988,-2670.144728769019
2989,-2666.077489903002
2990,-2665.0689142418923
2991,-2662.1665181380904
2992,-2660.314607266191
2993,-2658.6421091146476
2994,-2658.425945358311
2995,-2657.4380809011163
2996,-2656.788387327293
2997,-2652.390321141509
2998,-2652.2503048483813
2999,-2649.0952146320833
3000,-2648.2150425645523
3001,-2647.2823216301094
3002,-2645.296126764024
3003,-2638.9850453552217
3004,-2638.312255980345
3005,-2634.669999535603
3006,-2632.2413700471607
3007,-2631.8520950928196
3008,-2630.08946238743
3009,-2626.1457978620947
3010,-2625.908880121522
3011,-2625.3939608798064
3012,-2625.325795073366
3013,-2624.483504424157
3014,-2619.3754278398974
3015,-2615.7082124224453
3016,-2615.1760484823026
3017,-2614.03989853068
3018,-2613.5245691763885
3019,-2610.324062633934
3020,-2609.8763757263823
3021,-2606.916927803799
3022,-2604.7200224236476
3023,-2595.0652199817796
3024,-2594.5375267436575
3025,-2594.2318485600463
3026,-2592.22676953633
3027,-2589.967490698222
3028,-2588.237989229141
3029,-2574.993792729292
3030,-2572.752479124407
3031,-2570.8696492276376
3032,-2570.121501319689
3033,-2569.9900787970564
3034,-2562.7427897673806
3035,-2562.00390710785
3036,-2561.5412029548243
3037,-2560.955978679891
3038,-2559.510192734002
3039,-2557.6707278554622
3040,-2557.1311434160943
3041,-2552.3736436746112
3042,-2539.169026661384
3043,-2537.246357827702
3044,-2525.91169451767
3045,-2523.5984578257558
3046,-2519.484514836864
3047,-2512.9925499913934
3048,-2512.03300438288
3049,-2510.154613651044
3050,-2509.3374020594383
3051,-2506.624150053949
3052,-2506.263051475462
3053,-2505.575466926113
3054,-2505.062979522132
3055,-2504.7516759652863
3056,-2501.7762455812317
3057,-2501.3076697804336
3058,-2500.17292616494
3059,-2498.821629249511
3060,-2497.8949451938734
3061,-2494.1562419954225
3062,-2482.3181362426167
3063,-2481.777781011422
3064,-2480.844373127031
3065,-2479.4596662921413
3066,-2478.509240901214
3067,-2475.3636719833776
3068,-2474.581614922705
3069,-2473.7731974121125
3070,-2472.289209488252
3071,-2472.0872953299204
3072,-2471.5332370606084
3073,-2468.0088746048477
3074,-2464.4543296685406
3075,-2463.6964372697003
3076,-2463.3649480952718
3077,-2460.0943255422335
3078,-2457.9812584929587
3079,-2456.6937761678037
3080,-2455.949050768111
3081,-2446.407440032628
3082,-2445.383324649012
3083,-2445.1604892058785
3084,-2438.8981500452683
3085,-2438.8692083634396
3086,-2434.4224568302943
3087,-2433.7793939330077
3088,-2431.975070062237
3089,-2431.524450338513
3090,-2427.076966099743
3091,-2426.785244390285
3092,-2423.9028313294457
3093,-2422.7803014293277
3094,-2417.6131800958865
3095,-2416.866019509249
3096,-2413.2292251095005
3097,-2411.4560223743574
3098,-2406.4701473018613
3099,-2406.010522697801
3100,-2404.2293115009143
3101,-2403.58318821196
3102,-2403.533113490432
3103,-2401.7443022193147
3104,-2397.5765673183196
3105,-2397.49127443422
3106,-2396.120837178705
3107,-2395.2190001463932
3108,-2394.058705953701
3109,-2391.692132642156
3110,-2385.021377835954
3111,-2381.0354236884923
3112,-2377.3790784611847
3113,-2376.717043021985
3114,-2373.249873607081
3115,-2371.52509220892
3116,-2371.278525013842
3117,-2365.682821088576
3118,-2365.184641934675
3119,-2364.6404397666865
3120,-2359.021950372189
3121,-2354.9703197436666
3122,-2353.6661943155996
3123,-2351.117240537882
3124,-2350.2283574344056
3125,-2348.0416706007363
3126,-2344.934737091733
3127,-2342.7946893519274
3128,-2341.964945418349
3129,-2339.3427698875057
3130,-2338.7325314821464
3131,-2335.519369242349
3132,-2332.0849708859478
3133,-2324.6129826323086
3134,-2320.0656690324813
3135,-2317.575179603049
3136,-2307.3492287010486
3137,-2306.6122687119623
3138,-2305.4582626429474
3139,-2298.641156206926
3140,-2298.6219792139946
3141,-2295.757518577455
3142,-2294.0711214433995
3143,-2293.9844786216945
3144,-2289.8418696263307
3145,-2287.876606020671
3146,-2287.786319394745
3147,-2276.966763563625
3148,-2272.7869202420643
3149,-2271.6685026398227
3150,-2271.166541156901
3151,-2267.842630929452
3152,-2265.0536068998954
3153,-2263.7390610384136
3154,-2260.5657362722104
3155,-2260.5018997070947
3156,-2257.979870109497
3157,-2257.373327457264
3158,-2255.361591837076
3159,-2254.817382185671
3160,-2253.8739005989446
3161,-2253.3579271016933
3162,-2253.314119834915
3163,-2253.2511667870003
3164,-2248.9407359396064
3165,-2248.896015394079
3166,-2235.195849953123
3167,-2233.3233808652076
3168,-2232.717525755961
3169,-2232.187968887223
3170,-2231.3978407544455
3171,-2220.0309423991785
3172,-2219.5018067208275
3173,-2218.4479578609935
3174,-2217.252661160732
3175,-2217.243442054383
3176,-2211.2585139612
3177,-2204.5258099456823
3178,-2196.843449170976
3179,-2196.1543633529272
3180,-2196.128043536599
3181,-2196.029380411437
3182,-2194.9397102013318
3183,-2193.9411721639262
3184,-2193.575351122954
3185,-2185.5602501590292
3186,-2183.880353233979
3187,-2181.5423143752196
3188,-2181.319208932595
3189,-2180.8948368132096
3190,-2179.5239574587395
3191,-2178.2582430602342
3192,-2174.883255129711
3193,-2174.0758477214495
3194,-2173.1581231288783
3195,-2170.6970708279896
3196,-2167.300848425104
3197,-2158.832026301854
3198,-2158.3580068365845
3199,-2157.555474037219
3200,-2153.1218895858146
3201,-2149.225705886496
3202,-2148.7469500722564
3203,-2146.777142544901
3204,-2144.844270122814
3205,-2143.792390159255
3206,-2142.960816184848
3207,-2142.457405244122
3208,-2141.689139680202
3209,-2140.3505825249977
3210,-2139.854652207323
3211,-2137.1584436928115
3212,-2136.8374504146286
3213,-2133.509449523992
3214,-2133.0808006381976
3215,-2117.7071437583872
3216,-2113.2776983406493
3217,-2112.592522420433
3218,-2106.0800207853226
3219,-2101.977516387602
3220,-2095.612678545951
3221,-2091.8785273974936
3222,-2080.786461438036
3223,-2079.0920104248744
3224,-2079.0885255821613
3225,-2072.611420686524
3226,-2072.11313605105
3227,-2071.4029307585843
3228,-2069.5751235039443
3229,-2069.493820266751
3230,-2067.697735794265
3231,-2067.6900531493884
3232,-2067.103767056111
3233,-2064.1250549575598
3234,-2061.702977055287
3235,-2058.42026807368
3236,-2054.751590231268
3237,-2053.0756731859565
3238,-2048.5989673557324
3239,-2045.4335264455403
3240,-2044.964852828898
3241,-2039.4147138096941
3242,-2038.3251733253346
3243,-2035.4967417844582
3244,-2035.38301141569
3245,-2018.3340387263033
3246,-2014.6904690816282
3247,-2009.8231068437472
3248,-2007.0065687609258
3249,-2004.5458369581866
3250,-2003.2741593474475
3251,-2002.6645267380736
3252,-2002.2392040427949
3253,-1994.5059976405628
3254,-1990.4352033054074
3255,-1988.7893593030494
3256,-1988.544363109415
3257,-1981.8026613714865
3258,-1981.012822608409
3259,-1980.2187469733526
3260,-1977.1018843960737
3261,-1976.8201060143656
3262,-1971.277139977612
3263,-1964.6103327402234
3264,-1960.237377523079
3265,-1959.8159560545319
3266,-1955.6467082172167
3267,-1950.4226244758374
3268,-1946.8685127888184
3269,-1944.5293276963694
3270,-1941.785300554333
3271,-1939.1088778510548
3272,-1936.8633138184196
3273,-1935.5154193470717
3274,-1932.3287001365406
3275,-1930.0609707501571
3276,-1927.7409655730644
3277,-1925.2051009641582
3278,-1919.6714803042942
3279,-1919.1073082928506
3280,-1916.610028742889
3281,-1915.9305381448212
3282,-1911.804644195181
3283,-1911.597177120666
3284,-1911.3416230920757
3285,-1909.5232710486562
3286,-1906.9174184853164
3287,-1904.1884717062476
3288,-1901.3989434213054
3289,-1901.3725768205277
3290,-1901.1680000667293
3291,-1888.7557448306598
3292,-1885.5186688713293
3293,-1880.4100804408627
3294,-1876.0403558145736
3295,-1875.5051508084198
3296,-1874.734133164744
3297,-1874.5672302693602
3298,-1868.6344261181366
3299,-1867.4220890940705
3300,-1867.0468631351087
3301,-1865.9464878109338
3302,-1864.4578016662144
3303,-1859.9360902108492
3304,-1859.595293178163
3305,-1853.7907046485325
3306,-1851.925258899817
3307,-1851.451601564926
3308,-1846.6545729613517
3309,-1845.09825804114
3310,-1831.2096257221929
3311,-1826.3815672391484
3312,-1824.966692980779
3313,-1817.771674362175
3314,-1812.8725029228044
3315,-1812.2921523169061
3316,-1811.2480261577784
3317,-1810.0831610337518
3318,-1806.7045180834175
3319,-1805.6999326612931
3320,-1804.4715756844744
3321,-1799.78100621048
3322,-1797.2567905990054
3323,-1787.8276984775111
3324,-1778.5533708177682
3325,-1775.9142299940686
3326,-1774.451002253927
3327,-1773.0742401589887
3328,-1772.9144154806063
3329,-1768.2752005628663
3330,-1763.7681375273532
3331,-1760.462468862168
3332,-1759.5811614154136
3333,-1757.7220189174059
3334,-1757.2841051373853
3335,-1754.3178975345218
3336,-1753.8835145218673
3337,-1752.3840040097894
3338,-1751.7684335383601
3339,-1750.2800709394196
3340,-1748.8532827265735
3341,-1740.3144825971049
3342,-1739.1694940235793
3343,-1730.555653772255
3344,-1729.2967876021248
3345,-1727.4748309823044
3346,-1724.3984478575712
3347,-1723.4958000250408
3348,-1722.5964648210938
3349,-1721.6458836872516
3350,-1718.60243732448
3351,-1715.2521944529326
3352,-1711.8071615061308
3353,-1711.3427888384613
3354,-1709.0634114315453
3355,-1703.1117494150712
3356,-1700.3809486782138
3357,-1699.9348851468512
3358,-1697.9734679293088
3359,-1694.8686561859995
3360,-1694.3046717260786
3361,-1690.3094091263865
3362,-1688.093445252378
3363,-1687.570922532912
3364,-1684.4294657925457
3365,-1684.2077325382652
3366,-1680.8148482877168
3367,-1680.6858279368953
3368,-1680.3580600947244
3369,-1679.1755501152256
3370,-1677.6769920714232
3371,-1676.6353543608438
3372,-1673.7358671650654
3373,-1673.3701822869589
3374,-1673.1412261635214
3375,-1666.273050484453
3376,-1663.2501324747436
3377,-1663.185350409487
3378,-1660.8614044109145
3379,-1660.3732532692356
3380,-1660.282698707586
3381,-1659.1333797501902
3382,-1651.6044192520112
3383,-1646.5148299582397
3384,-1641.1013792871145
3385,-1640.4904558928356
3386,-1640.409148860419
3387,-1640.2149480668559
3388,-1636.555203281956
3389,-1634.3476077962878
3390,-1624.465591804188
3391,-1622.867667919334
3392,-1622.809439908373
3393,-1621.935992305709
3394,-1614.884418671565
3395,-1614.4015290457428
3396,-1614.263533619216
3397,-1608.0576341342858
3398,-1602.5595113990967
3399,-1600.3074071569354
3400,-1598.6798542828656
3401,-1596.102857535232
3402,-1591.7409172801836
3403,-1588.5411609442363
3404,-1587.4522308193136
3405,-1587.3807969644768
3406,-1585.6995774561765
3407,-1585.0076012574264
3408,-1574.0917660131345
3409,-1568.8719880724948
3410,-1564.028868585854
3411,-1563.1591099764155
3412,-1563.0787866209448
3413,-1560.5475801174725
3414,-1558.97475977067
3415,-1552.861008842323
3416,-1551.0085154793705
3417,-1550.5736144293423
3418,-1546.5941969730502
3419,-1545.8460541116565
3420,-1539.851546781887
3421,-1535.4961240587945
3422,-1533.1572574494712
3423,-1532.1144969168508
3424,-1531.8781542170127
3425,-1530.9628235711189
3426,-1526.7553409326429
3427,-1525.328025106428
3428,-1525.220265526059
3429,-1519.9291365385343
3430,-1510.3822872853652
3431,-1508.1734202488533
3432,-1506.4742149959511
3433,-1506.260523394576
3434,-1503.6094512261097
3435,-1502.8509703710133
3436,-1496.2797483574996
3437,-1494.7070158749684
3438,-1494.1789304724516
3439,-1488.0470744238282
3440,-1486.6713006194786
3441,-1483.7408952286287
3442,-1482.862453013573
3443,-1479.4463472591397
3444,-1477.6331327762891
3445,-1473.1913412829963
3446,-1470.4192509280929
3447,-1469.944868804825
3448,-1468.7375075506206
3449,-1457.5416947163321
3450,-1456.2869153140873
3451,-1455.527059075761
3452,-1453.9138931290381
3453,-1451.1598682868025
3454,-1450.6459570937914
3455,-1449.8841537891167
3456,-1449.0919333991606
3457,-1442.9704763240916
3458,-1436.8873830109897
3459,-1433.9585747046858
3460,-1429.2981052661835
3461,-1429.2522715249197
3462,-1428.636109354089
3463,-1427.8785524608575
3464,-1422.7254520217448
3465,-1412.8480808537552
3466,-1412.1761757612749
3467,-1410.2310113697094
3468,-1408.8548731339142
3469,-1405.9731898780046
3470,-1403.6512937275293
3471,-1402.3085843390509
3472,-1401.956563711161
3473,-1397.2503222416199
3474,-1395.9558503656626
3475,-1391.2769873483285
3476,-1391.1573558681575
3477,-1384.7188634975064
3478,-1380.5156366446045
3479,-1375.3153846352088
3480,-1374.9144439675256
3481,-1366.3425037060515
3482,-1365.1580227101695
3483,-1364.0192836918632
3484,-1361.6892151138982
3485,-1360.4971304742085
3486,-1357.426526966754
3487,-1355.1646322471825
3488,-1354.395117744718
3489,-1352.1219288579214
3490,-1351.5361287590767
3491,-1350.8659589216313
3492,-1350.1243105385765
3493,-1349.983379067835
3494,-1349.4794112855034
3495,-1349.3131136773009
3496,-1346.1566565194698
3497,-1344.7139082552349
3498,-1337.1013030850409
3499,-1336.6037484701137
3500,-1336.2638081533896
3501,-1334.493241828217
3502,-1334.0263283439563
3503,-1331.712515160847
3504,-1328.534635207352
3505,-1323.2207020189417
3506,-1321.8603635378295
3507,-1317.9139621428712
3508,-1314.5441012574302
3509,-1313.341550464539
3510,-1311.4486522840125
3511,-1307.0704068328341
3512,-1305.5066502137543
3513,-1303.8064169857007
3514,-1303.3474447926183
3515,-1302.3601432284668
3516,-1301.0371523482518
3517,-1300.989694709555
3518,-1300.5532295652047
3519,-1298.6785400936533
3520,-1297.970581151223
3521,-1295.2960617391182
3522,-1293.0276272482697
3523,-1291.9227701837972
3524,-1287.6306177437891
3525,-1286.0931773290904
3526,-1285.4922564826757
3527,-1281.6024648940838
3528,-1279.047807481409
3529,-1278.2068714865873
3530,-1277.5638396906834
3531,-1273.4995150330087
3532,-1272.0516895465717
3533,-1272.0060802064254
3534,-1270.9571334944267
3535,-1270.8581762084868
3536,-1261.5128460057222
3537,-1254.2001612373388
3538,-1253.4073973582163
3539,-1251.5796996445697
3540,-1240.7465409205706
3541,-1240.4271823627478
3542,-1240.0434662284788
3543,-1239.7661106115902
3544,-1234.8613459483004
3545,-1232.0760136431982
3546,-1231.0370768787434
3547,-1229.2840465918398
3548,-1216.5782922465241
3549,-1210.2858086934575
3550,-1206.0404666524555
3551,-1203.594975791204
3552,-1203.5599191081847
3553,-1202.2975627071355
3554,-1201.1218799893559
3555,-1200.3437681414389
3556,-1198.0403618507753
3557,-1196.4225842608084
3558,-1194.9757173520684
3559,-1194.5840227593271
3560,-1194.2935885631123
3561,-1187.367533057486
3562,-1184.2684061837972
3563,-1181.5378768182673
3564,-1180.1555880824235
3565,-1178.792844258016
3566,-1177.9029231561508
3567,-1177.6634929001248
3568,-1175.342945864777
3569,-1174.6128935437664
3570,-1169.0754918185376
3571,-1168.7106855594084
3572,-1168.219300423374
3573,-1167.1907562427677
3574,-1166.5050268806172
3575,-1165.6995297683698
3576,-1164.394677132259
3577,-1160.420907648906
3578,-1158.9415680216734
3579,-1153.499650055268
3580,-1150.780330647638
3581,-1148.7110314129259
3582,-1148.3334582884818
3583,-1140.435710448788
3584,-1133.949673043826
3585,-1130.9139871857278
3586,-1129.7611300732187
3587,-1126.4062263951855
3588,-1126.1609633485095
3589,-1125.6948985229901
3590,-1123.715212358793
3591,-1119.1491089115389
3592,-1117.7620864875298
3593,-1115.445683849166
3594,-1110.0977636290936
3595,-1108.6449343295808
3596,-1106.4078960263414
3597,-1104.6878433908532
3598,-1104.0188870250258
3599,-1103.2423229380383
3600,-1096.7988835608576
3601,-1096.0594113440911
3602,-1094.4540278158747
3603,-1092.9343877435458
3604,-1087.2619511274897
3605,-1085.0140704148416
3606,-1084.3747167704914
3607,-1081.9274557724057
3608,-1080.0731409868586
3609,-1079.2669047439776
3610,-1075.7918638934343
3611,-1073.931249268915
3612,-1072.923597923922
3613,-1071.7823424332655
3614,-1070.3369972861929
3615,-1070.2491498430481
3616,-1067.706150108479
3617,-1064.4500555347186
3618,-1061.672990351739
3619,-1054.9159084112225
3620,-1054.8059268976249
3621,-1054.0715000094315
3622,-1052.9265583413471
3623,-1049.3030535367889
3624,-1044.047246356904
3625,-1043.8221172388949
3626,-1041.0385432110997
3627,-1036.2329859094625
3628,-1034.4019430070875
3629,-1031.8421484835471
3630,-1031.1421756131904
3631,-1030.9386091287197
3632,-1030.3813398196817
3633,-1028.548255207128
3634,-1023.7892963617287
3635,-1006.1639238014541
3636,-1002.2722663722961
3637,-1001.7989047521442
3638,-999.0266612004634
3639,-996.259192103842
3640,-993.5573303760284
3641,-988.9650858941332
3642,-988.8913798938247
3643,-987.7516388492786
3644,-983.5217639878683
3645,-981.2056440846136
3646,-977.1493589351649
3647,-976.3336444982688
3648,-967.6638220420446
3649,-967.0052654756892
3650,-964.3849944580907
3651,-962.0185997061344
3652,-955.334904787911
3653,-953.5536620001094
3654,-943.084583973874
3655,-942.4777364589972
3656,-939.7681547910961
3657,-938.7000071350813
3658,-936.0087406288621
3659,-933.3404114131481
3660,-932.035824237184
3661,-931.925457416708
3662,-930.6788827354321
3663,-926.2164236436201
3664,-924.6939020713526
3665,-924.5735543653955
3666,-920.5381033714293
3667,-920.4618668834355
3668,-920.187481623534
3669,-919.7274510274274
3670,-919.2537357716628
3671,-912.1857078956036
3672,-911.5100060861641
3673,-910.4212762126863
3674,-908.0352609227975
3675,-907.8495882292427
3676,-906.291378413649
3677,-905.892928433077
3678,-905.1828898642689
3679,-904.6641997736751
3680,-892.1588146577033
3681,-890.3591877331419
3682,-888.7213978030195
3683,-881.0784010994612
3684,-880.867799429685
3685,-879.8966659110501
3686,-870.8557096741079
3687,-870.5009840120783
3688,-868.437037826594
3689,-867.0072433365185
3690,-866.6279559056911
3691,-866.066913383891
3692,-865.9827563417475
3693,-864.0867737327953
3694,-861.8523581472764
3695,-859.3667824151817
3696,-855.4545855038032
3697,-854.2621860786658
3698,-850.8391559063421
3699,-849.4114102039493
3700,-848.7016691412391
3701,-848.1004920565792
3702,-847.6928877910614
3703,-846.5986965539405
3704,-845.2953494459562
3705,-838.7152977565347
3706,-836.3319708908166
3707,-834.6566880374703
3708,-831.8091850189412
3709,-827.2323393774514
3710,-822.6904477455446
3711,-817.8362392351319
3712,-814.4526170104709
3713,-813.4931793437263
3714,-813.159986885983
3715,-808.1747865233629
3716,-796.1126707406929
3717,-794.2837751383722
3718,-792.647848126704
3719,-790.5106971444857
3720,-789.97942226542
3721,-788.381182368008
3722,-784.499638970683
3723,-780.3243844388671
3724,-779.1521698801262
3725,-777.7353695787151
3726,-777.2934967981837
3727,-773.8719915544343
3728,-770.527528196113
3729,-767.6720298112177
3730,-767.4603932534974
3731,-763.6380638021692
3732,-759.746353177019
3733,-758.3499245572493
3734,-756.924772103921
3735,-755.0006558062287
3736,-752.7909943320119
3737,-751.8268539087148
3738,-750.0226204445335
3739,-747.9985100468766
3740,-747.6359572440306
3741,-746.1252713447557
3742,-745.7881220318468
3743,-742.7100579517428
3744,-740.7261404708297
3745,-737.8974115567544
3746,-737.7964262489331
3747,-736.8401453167207
3748,-735.1652663381828
3749,-729.5383986940069
3750,-724.6613161185314
3751,-724.2508941512096
3752,-721.0476195219962
3753,-721.0295872082552
3754,-720.5915694235146
3755,-716.7987078261613
3756,-715.3352110002834
3757,-714.425399265454
3758,-706.5825155032207
3759,-703.8564127017853
3760,-702.6646744385544
3761,-694.2832252838889
3762,-690.7727679543787
3763,-687.0071757430251
3764,-685.430559343451
3765,-680.923270482499
3766,-680.8761370070079
3767,-680.0710799592507
3768,-677.8918718908462
3769,-674.397388031618
3770,-672.2543744948471
3771,-669.425739025568
3772,-657.6186265378001
3773,-652.3507562163122
3774,-652.0747906776269
3775,-649.2966116702355
3776,-646.3735017259769
3777,-645.3106115780811
3778,-644.5260950880784
3779,-636.4705432603841
3780,-635.8791662714193
3781,-634.4005800569885
3782,-634.0778353128626
3783,-633.773651665585
3784,-627.8102512168743
3785,-624.797844293751
3786,-624.5652971202489
3787,-609.2404811642737
3788,-608.9905293009979
3789,-605.4293417146473
3790,-605.1815600844038
3791,-600.5259416048357
3792,-598.7168191515775
3793,-598.0156693813697
3794,-591.7365638993197
3795,-591.0956674341796
3796,-589.3921355602179
3797,-587.5249372860671
3798,-586.1144146084989
3799,-579.3692828141247
3800,-577.7483110335434
3801,-573.9151544899833
3802,-573.4896576581168
3803,-566.6743599931924
3804,-566.2365005414067
3805,-565.8299507575775
3806,-564.2701855546729
3807,-559.7156744360636
3808,-554.4530645334507
3809,-550.5412785695389
3810,-548.6685363440356
3811,-548.3697720534437
3812,-547.9630403605406
3813,-542.2925585189987
3814,-541.6859855220591
3815,-541.0782167013713
3816,-539.0744048771521
3817,-538.8328509177954
3818,-536.2680024770307
3819,-532.67179146944
3820,-530.9736446990992
3821,-530.0019229848131
3822,-529.6982655309312
3823,-521.25432394973
3824,-514.4883269822585
3825,-507.72072408579334
3826,-506.0581100706422
3827,-503.0380196726401
3828,-500.6633048211497
3829,-498.2685049299762
3830,-494.1983832238893
3831,-493.0374524048875
3832,-489.84965003952675
3833,-487.9560233807515
3834,-487.7016185148368
3835,-484.6821235759626
3836,-483.93769112514565
3837,-482.6409159424984
3838,-482.62077685911754
3839,-482.3351859227769
3840,-479.4860402528502
3841,-479.18990727784967
3842,-472.5481446630147
3843,-472.5064234741003
3844,-472.33554349301266
3845,-469.3433021852961
3846,-462.42812982149917
3847,-459.6178109179782
3848,-456.8407690311833
3849,-453.79887546351165
3850,-453.5813514905258
3851,-451.7869920930207
3852,-450.8569832790581
3853,-450.132711111386
3854,-447.0043859183952
3855,-446.6788261600359
3856,-446.6025170643261
3857,-444.1396174596739
3858,-438.5431178378094
3859,-433.59979602068233
3860,-432.91798776569885
3861,-429.20304844325256
3862,-428.3510030939051
3863,-427.9386077950221
3864,-426.5646796709934
3865,-422.5144604781199
3866,-418.81719974478074
3867,-414.0243113696124
3868,-412.86128253448805
3869,-411.9968630058247
3870,-408.6060482046141
3871,-407.00861679972513
3872,-406.2332430200004
3873,-405.32147311517656
3874,-405.27431021027587
3875,-402.2613811041774
3876,-401.65858500451213
3877,-401.13472080532847
3878,-400.6065321630722
3879,-394.4070260907429
3880,-393.728633732464
3881,-393.2908746161447
3882,-389.5520950910868
3883,-384.2761223872767
3884,-378.143075568918
3885,-375.92299372690286
3886,-374.33809415393443
3887,-370.8364752717207
3888,-367.1681475941132
3889,-364.0153995198816
3890,-363.6960822592646
3891,-362.4155409795785
3892,-362.2788027226816
3893,-361.9010591948081
3894,-361.4832893536841
3895,-361.17361127548793
3896,-359.6960233682257
3897,-357.0647106411634
3898,-356.2787783816275
3899,-355.0408693394147
3900,-352.38601871810533
3901,-351.03050020610135
3902,-349.35960045561023
3903,-344.6649767819217
3904,-344.0452787813465
3905,-343.644722906065
3906,-343.5451982071627
3907,-343.26121859319755
3908,-338.4573533742441
3909,-332.10446990467426
3910,-325.37612386737237
3911,-324.8855277716466
3912,-323.25468745839316
3913,-322.8020737839979
3914,-322.01925534908514
3915,-318.0635384215293
3916,-317.9741994016458
3917,-316.4862155658848
3918,-314.25375332936164
3919,-313.5636600273883
3920,-313.249265473969
3921,-310.2832187340391
3922,-309.9495697992843
3923,-309.08564490283425
3924,-308.54472736499156
3925,-306.11645550081994
3926,-303.8344411437247
3927,-303.61666967930614
3928,-303.0311861596183
3929,-294.1525048458516
3930,-293.90698173165765
3931,-289.2064551275107
3932,-285.0696607924947
3933,-282.88750681018064
3934,-272.685070978725
3935,-271.85762396380414
3936,-270.2795060042299
3937,-270.209917190954
3938,-268.4500899083796
3939,-263.5441271810032
3940,-263.43337234962746
3941,-262.5644357801739
3942,-261.32000696709474
3943,-260.9429185573608
3944,-254.4552155233523
3945,-250.96552952692036
3946,-247.89233684604915
3947,-246.6352314655487
3948,-245.49932114154035
3949,-243.17127078705198
3950,-242.30299652590656
3951,-240.47060771192446
3952,-239.85700679080946
3953,-237.45956730140097
3954,-232.4697727661278
3955,-229.90906876749978
3956,-227.64669258951835
3957,-222.40550813783557
3958,-221.74505185723137
3959,-220.34947730639578
3960,-218.1056463005425
3961,-217.9661590288597
3962,-216.07318610038237
3963,-209.71114979323283
3964,-204.7964832885682
3965,-204.20358957314238
3966,-204.07723125097255
3967,-199.96431281238438
3968,-198.8024673659056
3969,-198.76640956122537
3970,-198.21845436611875
3971,-194.32440051148478
3972,-192.90550851969329
3973,-184.30879798281967
3974,-183.84413722791032
3975,-183.27939949211213
3976,-180.9153983907181
3977,-177.270055554196
3978,-176.4229996931881
3979,-175.01743923232425
3980,-174.64351549001185
3981,-170.15298871169762
3982,-168.9212596539728
3983,-161.33047545596128
3984,-161.08528221509187
3985,-156.5359573355472
3986,-153.60108731356195
3987,-150.83772708395918
3988,-150.4636144117194
3989,-145.93343433550763
3990,-132.11791581191392
3991,-120.46784994473092
3992,-118.35452477818217
3993,-116.9826544077223
3994,-110.17525161507001
3995,-109.92675320458147
3996,-109.86668303535407
3997,-107.03877651144649
3998,-106.57650877221931
3999,-93.29346931161126
4000,-91.97780928778593
4001,-91.23795088390762
4002,-84.71898856027838
4003,-82.29756528396501
4004,-81.97285818428008
4005,-81.59671570076898
4006,-72.22133621902867
4007,-69.9891456362584
4008,-64.62205631327924
4009,-61.91479882389649
4010,-54.931585665056446
4011,-47.12879730915665
4012,-46.66060230292351
4013,-45.97811700132115
4014,-45.484959013463595
4015,-44.408859054779896
4016,-43.98907451872219
4017,-41.096892341071
4018,-39.51478395144113
4019,-38.81285967792155
4020,-36.90512665334063
4021,-36.888144528707926
4022,-33.89568643506391
4023,-31.025048907646124
4024,-27.870155934904687
4025,-26.188509701747535
4026,-22.497747748728216
4027,-22.394198657631932
4028,-21.73628612491484
4029,-21.06841588194584
4030,-18.586630756150043
4031,-16.862774003140657
4032,-1.8627152619355911
