,Anfang,Ende,RES,EE,Wechsel_EE-RES,Delta_t,Delta_E,LV_kurz,LV_lang,P_kurz,P_lang,Anteil_kurz,Anteil_lang
0,0,16,140597.71844600054,0,0,16,140597.71844600054,0.0,140597.71844600054,0.0,8787.357402875034,0.0,1.0
1,16,31,81319.89302508009,-40107.73588005582,20,15,41212.15714502427,40107.73588005582,121427.6289051359,2673.849058670388,8095.175260342394,0.2482907438466538,0.7517092561533463
2,31,37,21988.212509492412,-9775.652272728166,32,6,12212.560236764246,9775.652272728166,31763.86478222058,1629.2753787880276,5293.97746370343,0.23533379696727985,0.7646662030327201
3,37,65,191951.4602444514,-297320.4312170651,46,28,-105368.9709726137,191951.4602444514,-489271.8914615165,6855.409294444692,-17473.996123625588,0.2817746334792442,0.7182253665207557
4,65,100,119604.58055618504,-33865.91466739105,70,35,85738.665888794,33865.91466739105,153470.4952235761,967.5975619254586,4384.871292102174,0.18077593505235617,0.8192240649476439
5,100,109,0.05786738644383149,-105081.66582653302,108,9,-105081.60795914658,0.05786738644383149,-105081.72369391946,0.006429709604870166,-11675.747077102162,5.5068904984325e-07,0.9999994493109502
6,109,135,69016.33720463517,-1200853.528421553,128,26,-1131837.191216918,69016.33720463517,-1269869.8656261882,2654.4745078705837,-48841.148677930316,0.05154757518504044,0.9484524248149596
7,135,470,3354.38678234476,-32978124.81680201,468,335,-32974770.430019666,3354.38678234476,-32981479.203584354,10.013094872670925,-98452.17672711748,0.00010169482205071414,0.9998983051779493
8,470,484,38696.499488795256,-108633.1339980677,479,14,-69936.63450927244,38696.499488795256,-147329.63348686296,2764.03567777109,-10523.54524906164,0.20801646988952216,0.7919835301104778
9,484,615,55636.877622685264,-12564803.691029627,608,131,-12509166.813406942,55636.877622685264,-12620440.568652311,424.70898948614706,-96339.24098207871,0.004389124148104252,0.9956108758518958
10,615,643,170304.32334292604,-283982.3959203228,625,28,-113678.07257739676,170304.32334292604,-454286.71926324884,6082.297262247359,-16224.525687973173,0.2726653309536949,0.7273346690463051
11,643,652,22742.97303834801,-24920.005963744057,647,9,-2177.032925396048,22742.97303834801,-47662.97900209206,2526.9970042608898,-5295.886555788007,0.32302628370517317,0.6769737162948268
12,652,688,253285.0057204184,-585422.1044719534,668,36,-332137.09875153494,253285.0057204184,-838707.1101923718,7035.694603344956,-23297.41972756588,0.23194765056403258,0.7680523494359675
13,688,750,565661.2932855798,-39959.19096794343,691,62,525702.1023176364,39959.19096794343,605620.4842535232,644.5030801281199,9768.072326669728,0.06189660626201623,0.9381033937379838
14,750,757,41683.23881190259,-4884.619068335354,752,7,36798.61974356724,4884.619068335354,46567.85788023795,697.8027240479078,6652.5511257482785,0.09493457570988323,0.9050654242901167
15,757,773,1137.1120195203712,-1054670.416237661,772,16,-1053533.3042181404,1137.1120195203712,-1055807.5282571814,71.0695012200232,-65987.97051607384,0.0010758482291207626,0.9989241517708791
16,773,784,70629.05130445801,-24152.921649825552,776,11,46476.12965463246,24152.921649825552,94781.97295428357,2195.7201499841412,8616.542995843962,0.2030768323310145,0.7969231676689854
17,784,822,197605.06912257962,-86311.32632593498,791,38,111293.74279664464,86311.32632593498,283916.3954485146,2271.3506927877625,7471.484090750385,0.23313037152446847,0.7668696284755315
18,822,856,409705.07694608334,-12870.674755578404,823,34,396834.40219050494,12870.674755578404,422575.75170166173,378.5492575170119,12428.698579460639,0.0295574242284941,0.9704425757715059
19,856,975,50962.29031219029,-10752218.643951371,969,119,-10701256.353639182,50962.29031219029,-10803180.93426356,428.2545404385739,-90783.03306103832,0.004695192357219169,0.9953048076427808
20,975,990,65088.05111652894,-266035.49080680014,982,15,-200947.4396902712,65088.05111652894,-331123.54192332906,4339.203407768596,-22074.902794888603,0.1642759885372189,0.8357240114627812
21,990,996,11129.95145317356,-30161.80108363591,994,6,-19031.849630462348,11129.95145317356,-41291.75253680947,1854.99190886226,-6881.958756134912,0.21231571288297532,0.7876842871170247
22,996,1069,13388.872058987705,-7213740.095314845,1067,73,-7200351.223255858,13388.872058987705,-7227128.967373833,183.4092062875028,-99001.76667635387,0.0018491594601245413,0.9981508405398755
23,1069,1188,10715.905865416049,-12252860.939098254,1186,119,-12242145.033232838,10715.905865416049,-12263576.84496367,90.04962912114327,-103055.26760473673,0.0008730365229957732,0.9991269634770042
24,1188,1287,72471.29828910717,-7857381.244527212,1280,99,-7784909.946238105,72471.29828910717,-7929852.5428163195,732.0333160515876,-80099.52063450828,0.00905628161620314,0.9909437183837969
25,1287,1312,110686.81485864177,-165155.65029753943,1297,25,-54468.83543889766,110686.81485864177,-275842.4651561812,4427.472594345671,-11033.698606247248,0.2863607508709225,0.7136392491290775
26,1312,1455,16930.34640730344,-12381989.067785477,1451,143,-12365058.721378174,16930.34640730344,-12398919.41419278,118.39403082030378,-86705.73016918029,0.001363607544690937,0.998636392455309
27,1455,1478,48005.58319752584,-503332.1814570438,1471,23,-455326.598259518,48005.58319752584,-551337.7646545697,2087.199269457645,-23971.207158894333,0.08009696506946556,0.9199030349305345
28,1478,1500,4863.584403312534,-1955482.8354858886,1499,22,-1950619.251082576,4863.584403312534,-1960346.4198892012,221.0720183323879,-89106.65544950914,0.0024748420742257775,0.9975251579257742
29,1500,1589,29963.68519221529,-6245603.33851372,1583,89,-6215639.653321505,29963.68519221529,-6275567.023705935,336.67062013725047,-70511.98903040377,0.004751968799379814,0.9952480312006202
30,1589,1594,2139.5482571236716,-59615.26511517194,1592,5,-57475.71685804827,2139.5482571236716,-61754.81337229561,427.9096514247343,-12350.962674459122,0.03348571302007572,0.9665142869799243
31,1594,1598,12730.328338290947,-7452.453190237467,1595,4,5277.875148053479,7452.453190237467,20182.781528528416,1863.1132975593669,5045.695382132104,0.2696721510086119,0.7303278489913881
32,1598,1625,171219.11719415418,-210851.53847806936,1607,27,-39632.42128391517,171219.11719415418,-382070.65567222354,6341.448784968674,-14150.765024897168,0.3094565010792355,0.6905434989207645
33,1625,1649,167720.0327226523,-72233.66535797049,1630,24,95486.36736468182,72233.66535797049,239953.6980806228,3009.7360565821036,9998.070753359283,0.23137920946687748,0.7686207905331225
34,1649,1659,10404.5732642507,-42967.51588528839,1656,10,-32562.94262103769,10404.5732642507,-53372.08914953909,1040.4573264250698,-5337.208914953909,0.1631407613767042,0.8368592386232958
35,1659,1670,31826.25401963549,-118909.31638895132,1664,11,-87083.06236931583,31826.25401963549,-150735.57040858682,2893.295819966863,-13703.233673507893,0.17433137579181343,0.8256686242081865
36,1670,1830,409108.5916546154,-10147352.811661737,1781,160,-9738244.220007122,409108.5916546154,-10556461.403316353,2556.9286978413465,-65977.8837707272,0.037308465665007916,0.9626915343349921
37,1830,1863,47653.606451012776,-1065740.2639699983,1856,33,-1018086.6575189856,47653.606451012776,-1113393.870421011,1444.0486803337205,-33739.20819457609,0.041043632926533104,0.958956367073467
38,1863,1937,88603.78369366279,-4521299.926999199,1928,74,-4432696.143305536,88603.78369366279,-4609903.710692862,1197.3484282927404,-62295.99609044408,0.01885785726627464,0.9811421427337254
39,1937,2010,735936.1637190826,-5356.947618471198,1938,73,730579.2161006114,5356.947618471198,741293.1113375538,73.38284408864655,10154.700155308956,0.007174642999374226,0.9928253570006257
40,2010,2020,57384.58482699066,-3804.418645617481,2011,10,53580.16618137318,3804.418645617481,61189.003472608136,380.4418645617481,6118.900347260814,0.05853544130507688,0.9414645586949232
41,2020,2031,61819.96191715908,-90986.446312717,2024,11,-29166.48439555792,61819.96191715908,-152806.40822987608,5619.996537923553,-13891.491657261462,0.2880352580850516,0.7119647419149484
42,2031,2151,36775.25976973241,-7227686.239111332,2144,120,-7190910.9793416,36775.25976973241,-7264461.498881064,306.4604980811034,-60537.1791573422,0.0050368534791259325,0.9949631465208741
43,2151,2173,14858.645081122351,-1198405.0712266054,2169,22,-1183546.426145483,14858.645081122351,-1213263.7163077279,675.3929582328342,-55148.35074126036,0.012098668299076578,0.9879013317009234
44,2173,2222,27389.531561996846,-2636963.1313984585,2217,49,-2609573.5998364617,27389.531561996846,-2664352.6629604553,558.9700318774867,-54374.54414205011,0.010175391840174384,0.9898246081598256
45,2222,2244,12329.9221109387,-950584.8033745609,2242,22,-938254.8812636222,12329.9221109387,-962914.7254854996,560.4510050426682,-43768.8511584318,0.012642901595334764,0.9873570984046652
46,2244,2293,6947.386348740307,-3255729.7803906784,2291,49,-3248782.3940419382,6947.386348740307,-3262677.1667394186,141.78339487225116,-66585.24830080447,0.002124826944481593,0.9978751730555184
47,2293,2318,34499.44693629502,-1299609.6201963087,2313,25,-1265110.1732600136,34499.44693629502,-1334109.0671326038,1379.9778774518009,-53364.36268530416,0.025207681072893166,0.9747923189271069
48,2318,2367,50014.15477572476,-2880858.81669451,2360,49,-2830844.6619187854,50014.15477572476,-2930872.971470235,1020.6970362392808,-59813.734111637445,0.016778278632344962,0.9832217213676551
49,2367,2390,48982.53205280975,-550684.3108192831,2384,23,-501701.7787664734,48982.53205280975,-599666.8428720928,2129.6753066439023,-26072.471429221427,0.07551465236281266,0.9244853476371874
50,2390,2414,62897.65282142457,-1409701.1436114463,2408,24,-1346803.4907900216,62897.65282142457,-1472598.796432871,2620.735534226024,-61358.28318470295,0.04096242153602532,0.9590375784639746
51,2414,2439,41087.94158927423,-1480773.8324917105,2433,25,-1439685.8909024363,41087.94158927423,-1521861.7740809848,1643.5176635709693,-60874.47096323939,0.02628871625064021,0.9737112837493598
52,2439,2464,58551.33677588076,-566146.3028248786,2454,25,-507594.9660489978,58551.33677588076,-624697.6396007594,2342.0534710352304,-24987.905584030374,0.08569546212331887,0.9143045378766811
53,2464,2477,280.8241823831613,-605401.3491106963,2476,13,-605120.5249283132,280.8241823831613,-605682.1732930795,21.601860183320102,-46590.93640715996,0.0004634345389951517,0.9995365654610049
54,2477,2489,76897.2813337842,-253.62058616224385,2478,12,76643.66074762195,253.62058616224385,77150.90191994644,21.135048846853653,6429.2418266622035,0.0032765603087626873,0.9967234396912373
55,2489,2500,65737.45971496831,-52212.27595812766,2492,11,13525.183756840648,52212.27595812766,117949.73567309597,4746.57054164797,10722.703243008726,0.3068386149035573,0.6931613850964428
56,2500,2511,59816.91394692554,-37679.839369285255,2503,11,22137.074577640284,37679.839369285255,97496.75331621079,3425.439942662296,8863.341210564617,0.2787452962137591,0.721254703786241
57,2511,2536,73025.6694846151,-1315971.7739385893,2528,25,-1242946.1044539742,73025.6694846151,-1388997.4434232044,2921.0267793846037,-55559.89773692817,0.049948368695330855,0.9500516313046692
58,2536,2559,52094.88234503129,-870497.8997496384,2553,23,-818403.0174046071,52094.88234503129,-922592.7820946696,2264.994884566578,-40112.72965628999,0.05344777024030362,0.9465522297596964
59,2559,2586,190052.78848997998,-339685.9186846909,2566,27,-149633.13019471092,190052.78848997998,-529738.7071746709,7038.992166295555,-19619.952117580404,0.264038669023849,0.735961330976151
60,2586,2596,44156.79996168599,-20069.831621542384,2589,10,24086.968340143605,20069.831621542384,64226.63158322837,2006.9831621542385,6422.663158322837,0.2380862833211552,0.7619137166788448
61,2596,2607,101096.34375328291,-41408.996206317766,2599,11,59687.347546965146,41408.996206317766,142505.33995960068,3764.4542005743424,12955.030905418243,0.22515371596133002,0.77484628403867
62,2607,2631,35582.9515386129,-668998.7945352182,2624,24,-633415.8429966052,35582.9515386129,-704581.7460738311,1482.6229807755374,-29357.572753076296,0.04807437000628799,0.951925629993712
63,2631,2653,590.1069043061543,-849003.8201793891,2651,22,-848413.713275083,590.1069043061543,-849593.9270836952,26.823041104825197,-38617.9057765316,0.0006940931383268984,0.9993059068616732
64,2653,2692,16863.767871633365,-2408127.280253207,2688,39,-2391263.5123815737,16863.767871633365,-2424991.04812484,432.4043044008555,-62179.257644226665,0.006906130438697516,0.9930938695613025
65,2692,2704,100769.07520379475,-26106.083795913153,2694,12,74662.99140788161,26106.083795913153,126875.1589997079,2175.506982992763,10572.929916642324,0.17064891955930964,0.8293510804406904
66,2704,2728,59969.025735737065,-881259.6246659097,2720,24,-821290.5989301726,59969.025735737065,-941228.6504016467,2498.709405655711,-39217.86043340195,0.0598972881829863,0.9401027118170137
67,2728,2750,15812.765137731685,-1021202.2765590044,2745,22,-1005389.5114212728,15812.765137731685,-1037015.0416967361,718.7620517150766,-47137.047349851644,0.015019327030576677,0.9849806729694233
68,2750,2823,36365.655607422086,-3423970.7197517827,2816,73,-3387605.064144361,36365.655607422086,-3460336.3753592046,498.15966585509705,-47401.868155605545,0.010399986983554668,0.9896000130164454
69,2823,2835,2115.095888173749,-362588.875432237,2833,12,-360473.77954406326,2115.095888173749,-364703.9713204107,176.25799068114574,-30391.99761003423,0.005766046744159679,0.9942339532558404
70,2835,2848,107052.66667544504,-83155.21074726313,2839,13,23897.45592818191,83155.21074726313,190207.87742270817,6396.554672866395,14631.375186362167,0.30419326655967177,0.6958067334403283
71,2848,2869,1003.5587807577886,-598584.6373095909,2868,21,-597581.0785288331,1003.5587807577886,-599588.1960903488,47.7885133694185,-28551.81886144518,0.0016709499799462998,0.9983290500200537
72,2869,2894,28354.181036726368,-1153572.387885951,2888,25,-1125218.2068492246,28354.181036726368,-1181926.5689226773,1134.1672414690547,-47277.06275690709,0.02342777164527937,0.9765722283547207
73,2894,2941,10669.81049586517,-2718115.6539844126,2938,47,-2707445.8434885475,10669.81049586517,-2728785.4644802776,227.01724459287595,-58059.26520170803,0.0038948657396708514,0.9961051342603292
74,2941,2968,74698.3967013069,-1302561.4977550753,2959,27,-1227863.1010537685,74698.3967013069,-1377259.8944563821,2766.607285233589,-51009.625720606746,0.051446654601729425,0.9485533453982706
75,2968,2990,19300.626138305986,-562909.4714583482,2984,22,-543608.8453200422,19300.626138305986,-582210.0975966542,877.3011881048176,-26464.095345302463,0.032086919445862276,0.9679130805541377
76,2990,3036,1943.928235822159,-3146216.8142412165,3035,46,-3144272.886005394,1943.928235822159,-3148160.742477039,42.25930947439476,-68438.27701037041,0.0006170995693874047,0.9993829004306125
77,3036,3062,22512.29680060721,-983902.9627558757,3057,26,-961390.6659552684,22512.29680060721,-1006415.2595564829,865.8575692541235,-38708.27921371088,0.021879379808148806,0.9781206201918512
78,3062,3087,39703.73751772236,-905339.7844017564,3079,25,-865636.0468840341,39703.73751772236,-945043.5219194787,1588.1495007088943,-37801.74087677915,0.040318708315485625,0.9596812916845143
79,3087,3112,85957.16843977907,-773155.5448309141,3103,25,-687198.376391135,85957.16843977907,-859112.7132706932,3438.286737591163,-34364.50853082773,0.09095324071084147,0.9090467592891585
80,3112,3136,89041.8373651484,-453406.219672645,3127,24,-364364.38230749656,89041.8373651484,-542448.0570377933,3710.0765568811835,-22602.00237657472,0.14100279062950846,0.8589972093704916
81,3136,3146,2806.206378338151,-218145.4616003703,3143,10,-215339.25522203214,2806.206378338151,-220951.66797870846,280.62063783381507,-22095.166797870846,0.012541263123818987,0.987458736876181
82,3146,3160,75101.71851634985,-5138.499453340136,3149,14,69963.21906300972,5138.499453340136,80240.21796968998,367.0356752385811,5731.444140692141,0.060184781505678527,0.9398152184943215
83,3160,3172,3315.761371882295,-258842.0362152726,3169,12,-255526.2748433903,3315.761371882295,-262157.7975871549,276.31344765685793,-21846.483132262907,0.012489987269858088,0.9875100127301419
84,3172,3184,83822.92008468817,-14752.417491663919,3174,12,69070.50259302426,14752.417491663919,98575.33757635209,1229.3681243053265,8214.611464696007,0.13017479683427902,0.869825203165721
85,3184,3206,56809.5135418919,-446642.02650415915,3199,22,-389832.51296226727,56809.5135418919,-503451.540046051,2582.250615540541,-22884.16091118414,0.10139829134665101,0.8986017086533489
86,3206,3220,1521.5663248815745,-696011.8458431732,3218,14,-694490.2795182916,1521.5663248815745,-697533.4121680548,108.68330892011247,-49823.81515486106,0.00217660466157019,0.9978233953384298
87,3220,3229,24971.149099311893,-13045.04303807272,3222,9,11926.106061239174,13045.04303807272,38016.19213738461,1449.4492264525243,4224.02134859829,0.25547840731324184,0.7445215926867582
88,3229,3302,25331.220842975727,-3806483.3228187105,3295,73,-3781152.101975735,25331.220842975727,-3831814.543661686,347.0030252462428,-52490.61018714638,0.006567348601674841,0.9934326513983252
89,3302,3327,26762.000305248286,-893486.082376224,3320,25,-866724.0820709757,26762.000305248286,-920248.0826814723,1070.4800122099314,-36809.92330725889,0.028259467122931946,0.9717405328770681
90,3327,3350,36582.40857930115,-723172.5661737885,3343,23,-686590.1575944873,36582.40857930115,-759754.9747530897,1590.5395034478759,-33032.82498926477,0.045938328835218915,0.9540616711647811
91,3350,3409,198041.8633929859,-1821394.6192135455,3384,59,-1623352.7558205596,198041.8633929859,-2019436.4826065314,3356.64175242349,-34227.73699333104,0.08930949145468182,0.9106905085453181
92,3409,3473,72282.06704736137,-2976668.380251701,3464,64,-2904386.3132043397,72282.06704736137,-3048950.4472990623,1129.4072976150214,-47639.85073904785,0.023158180851674554,0.9768418191483255
93,3473,3506,159536.5411130359,-42633.53203443022,3478,33,116903.00907860568,42633.53203443022,202170.07314746612,1291.9252131645521,6126.365852953519,0.17415402033296137,0.8258459796670387
94,3506,3517,30744.81769789128,-141887.935596118,3512,11,-111143.11789822673,30744.81769789128,-172632.7532940093,2794.9834270810256,-15693.886663091755,0.15117113233256033,0.8488288676674398
95,3517,3565,19938.920554976758,-2992784.2415169235,3560,48,-2972845.3209619466,19938.920554976758,-3012723.1620719004,415.39417822868245,-62765.06587649792,0.0065747254431017125,0.9934252745568982
96,3565,3589,3491.0828811945184,-1323470.9936034735,3587,24,-1319979.910722279,3491.0828811945184,-1326962.076484668,145.46178671643827,-55290.086520194505,0.002623980300710836,0.9973760196992891
97,3589,3677,705460.3883885739,-324431.3276586697,3598,88,381029.0607299042,324431.3276586697,1029891.7160472436,3686.719632484883,11703.314955082313,0.23955239421379798,0.7604476057862021
98,3677,3689,90797.68574215828,-1029.721628099589,3678,12,89767.96411405869,1029.721628099589,91827.40737025788,85.81013567496575,7652.28394752149,0.01108931149613514,0.9889106885038649
99,3689,3709,25804.87145712533,-447735.93501771416,3705,20,-421931.0635605888,25804.87145712533,-473540.8064748395,1290.2435728562664,-23677.040323741974,0.051677370201732686,0.9483226297982673
100,3709,3756,3705.654293906293,-3008680.856058835,3754,47,-3004975.2017649286,3705.654293906293,-3012386.5103527415,78.84370838098495,-64093.33000750514,0.0012286276717079138,0.998771372328292
101,3756,3781,23207.11668696939,-1416403.3446861308,3777,25,-1393196.2279991615,23207.11668696939,-1439610.4613731,928.2846674787756,-57584.418454924,0.015864669002505254,0.9841353309974948
102,3781,3807,39336.993438124184,-1078459.4260307876,3800,26,-1039122.4325926634,39336.993438124184,-1117796.4194689118,1512.9612860816994,-42992.16997957353,0.0339952100590535,0.9660047899409465
103,3807,3830,10249.323675052097,-612135.8298952885,3823,23,-601886.5062202363,10249.323675052097,-622385.1535703406,445.62276848052596,-27060.22406827568,0.016201019773186477,0.9837989802268134
104,3830,3876,1933.020536226557,-2974010.114876735,3875,46,-2972077.0943405083,1933.020536226557,-2975943.1354129617,42.02218557014254,-64694.415987238295,0.0006491272420328081,0.9993508727579672
105,3876,3904,65544.89453255654,-1263854.1457790188,3896,28,-1198309.251246462,65544.89453255654,-1329399.0403115754,2340.889090448448,-47478.537153984835,0.046987475908757854,0.953012524091242
106,3904,3916,5404.64015982327,-320922.4152951911,3912,12,-315517.7751353678,5404.64015982327,-326327.0554550144,450.38667998527245,-27193.921287917867,0.016292203100479165,0.9837077968995208
107,3916,3921,28507.61476341282,-17379.468365759018,3918,5,11128.146397653803,17379.468365759018,45887.083129171835,3475.8936731518033,9177.416625834367,0.2747023182882273,0.7252976817117727
108,3921,3929,50881.096892123154,-17967.947426333954,3922,8,32913.1494657892,17967.947426333954,68849.0443184571,2245.9934282917443,8606.130539807138,0.2069634879673427,0.7930365120326573
109,3929,3951,155022.68413642744,-81304.30048912279,3933,22,73718.38364730465,81304.30048912279,236326.98462555022,3695.650022232854,10742.135664797737,0.25597069400695166,0.7440293059930483
110,3951,3978,99682.86131024465,-868285.0744718914,3966,27,-768602.2131616467,99682.86131024465,-967967.935782136,3691.9578263053577,-35850.664288227264,0.09336654042849873,0.9066334595715013
111,3978,4001,121014.53800952238,-25771.330224645015,3983,23,95243.20778487736,25771.330224645015,146785.8682341674,1120.4926184628268,6381.994271050757,0.149349493703077,0.8506505062969231
112,4001,4021,11866.331921027473,-1013515.3534647948,4018,20,-1001649.0215437673,11866.331921027473,-1025381.6853858223,593.3165960513736,-51269.08426929112,0.011440206896550805,0.9885597931034492
113,4021,4045,14321.043388458405,-1412485.91356362,4042,24,-1398164.8701751616,14321.043388458405,-1426806.9569520785,596.7101411857669,-59450.28987300327,0.009937384732705463,0.9900626152672946
114,4045,4068,2737.8837809961333,-1256266.3509143998,4066,23,-1253528.4671334038,2737.8837809961333,-1259004.234695396,119.03842526070144,-54739.31455197374,0.002169923426430629,0.9978300765735694
115,4068,4122,102086.33683815683,-2927305.792989536,4111,54,-2825219.4561513793,102086.33683815683,-3029392.129827693,1890.4877192251265,-56099.85425606839,0.03260004433204686,0.9673999556679531
116,4122,4170,275766.3063511037,-34945.01640696026,4133,48,240821.28994414344,34945.01640696026,310711.32275806397,728.0211751450055,6473.152557459666,0.10109757133739912,0.8989024286626008
117,4170,4185,7163.178258117391,-249854.4114713998,4183,15,-242691.2332132824,7163.178258117391,-257017.5897295172,477.54521720782606,-17134.505981967814,0.027114684814803308,0.9728853151851967
118,4185,4190,25922.16164715303,-31886.313051392935,4186,5,-5964.151404239907,25922.16164715303,-57808.474698545964,5184.432329430606,-11561.694939709192,0.30958992763566373,0.6904100723643363
119,4190,4216,57567.01763074898,-911926.8186715567,4208,26,-854359.8010408076,57567.01763074898,-969493.8363023057,2214.1160627211148,-37288.2244731656,0.0560502500025196,0.9439497499974804
120,4216,4241,105436.03725057551,-178300.1152388797,4230,25,-72864.07798830418,105436.03725057551,-283736.1524894552,4217.44149002302,-11349.446099578206,0.27092387387959915,0.7290761261204008
121,4241,4262,37582.69806242255,-478941.5051964027,4256,21,-441358.80713398015,37582.69806242255,-516524.2032588253,1789.6522886867879,-24596.390631372633,0.0678257173350629,0.9321742826649372
122,4262,4287,42855.328745328996,-855405.8978930522,4280,25,-812550.5691477233,42855.328745328996,-898261.2266383811,1714.2131498131598,-35930.44906553524,0.04553668565298599,0.9544633143470139
123,4287,4315,104203.13564561827,-628828.6704662932,4302,28,-524625.5348206749,104203.13564561827,-733031.8061119115,3721.540558772081,-26179.7073611397,0.12446104486140326,0.8755389551385967
124,4315,4336,47854.6123564108,-168862.45051081703,4326,21,-121007.83815440623,47854.6123564108,-216717.06286722783,2278.7910645909906,-10319.860136534659,0.18087579600484435,0.8191242039951555
125,4336,4359,53754.76566859855,-770882.8697929396,4351,23,-717128.104124341,53754.76566859855,-824637.6354615382,2337.163724721676,-35853.81023745819,0.06119675625544784,0.9388032437445522
126,4359,4381,11176.785330756904,-1658963.6228619332,4378,22,-1647786.8375311764,11176.785330756904,-1670140.40819269,508.03569685258657,-75915.47309966772,0.006647636373321272,0.9933523636266788
127,4381,4478,25274.417875461266,-6323862.876338046,4473,97,-6298588.458462585,25274.417875461266,-6349137.294213507,260.5610090253739,-65455.023651685646,0.003964980458907093,0.9960350195410929
128,4478,4503,31270.49913143506,-1177741.6385863042,4496,25,-1146471.139454869,31270.49913143506,-1209012.1377177392,1250.8199652574024,-48360.48550870957,0.02521239772482418,0.9747876022751758
129,4503,4575,55735.94300714471,-4308414.713553229,4568,72,-4252678.770546084,55735.94300714471,-4364150.656560374,774.1103195436766,-60613.20356333853,0.012610265388392184,0.9873897346116077
130,4575,4595,222.23961600305847,-959151.0229210185,4594,20,-958928.7833050155,222.23961600305847,-959373.2625370215,11.111980800152924,-47968.663126851076,0.00023159718392220895,0.9997684028160778
131,4595,4646,14292.890434987812,-3541942.1816271986,4641,51,-3527649.2911922107,14292.890434987812,-3556235.0720621864,280.25275362721203,-69730.09945219973,0.004003018765043245,0.9959969812349567
132,4646,4672,41353.52229850143,-910848.1082112717,4663,26,-869494.5859127702,41353.52229850143,-952201.6305097732,1590.5200884039014,-36623.139634991276,0.04162176823462299,0.958378231765377
133,4672,4693,11322.708314874177,-1236486.3511901277,4690,21,-1225163.6428752535,11322.708314874177,-1247809.0595050019,539.1765864225798,-59419.47902404771,0.008992472912091546,0.9910075270879084
134,4693,4716,1129.2933672840354,-1829559.64917662,4715,23,-1828430.3558093358,1129.2933672840354,-1830688.942543904,49.09971162104502,-79595.17141495235,0.0006164876760942928,0.9993835123239057
135,4716,4791,42894.7677399813,-5265661.244757083,4784,75,-5222766.477017102,42894.7677399813,-5308556.012497065,571.930236533084,-70780.7468332942,0.008015539991209868,0.9919844600087901
136,4791,4814,16594.545184956485,-1035000.2727780074,4809,23,-1018405.7275930509,16594.545184956485,-1051594.8179629638,721.5019645633255,-45721.513824476686,0.015535209165585479,0.9844647908344146
137,4814,4838,20843.1150093639,-1174711.3932834044,4832,24,-1153868.2782740404,20843.1150093639,-1195554.5082927684,868.4631253901625,-49814.77117886535,0.01713511651953206,0.9828648834804679
138,4838,4982,13347.398786712285,-12131332.62572865,4977,144,-12117985.226941938,13347.398786712285,-12144680.024515362,92.69026935216864,-84338.05572580112,0.0010978260142044639,0.9989021739857955
139,4982,5008,52917.40834981192,-922020.5893094226,4998,26,-869103.1809596107,52917.40834981192,-974937.9976592346,2035.2849365312277,-37497.61529458594,0.051483319580211635,0.9485166804197884
140,5008,5056,61064.98341551868,-2983687.728038704,5047,48,-2922622.744623185,61064.98341551868,-3044752.711454223,1272.1871544899725,-63432.34815529631,0.01966148351733174,0.9803385164826682
141,5056,5079,56556.4943548197,-745843.4168626018,5071,23,-689286.9225077821,56556.4943548197,-802399.9112174214,2458.9780154269433,-34886.952661627016,0.0658432651388652,0.9341567348611348
142,5079,5101,10613.473765534962,-1625877.5960464485,5097,22,-1615264.1222809134,10613.473765534962,-1636491.0698119835,482.4306257061346,-74385.95771872652,0.006443715917680883,0.9935562840823191
143,5101,5126,20802.859838395416,-1491203.3274378343,5121,25,-1470400.467599439,20802.859838395416,-1512006.1872762297,832.1143935358166,-60480.24749104919,0.013571723025483784,0.9864282769745163
144,5126,5152,57528.69470371048,-772871.8373865398,5143,26,-715343.1426828293,57528.69470371048,-830400.5320902503,2212.6421039888646,-31938.482003471167,0.06478972982050483,0.9352102701794951
145,5152,5175,33811.64458482484,-1174098.2851519024,5168,23,-1140286.6405670776,33811.64458482484,-1207909.9297367272,1470.0715036880365,-52517.823032031614,0.02722965057871266,0.9727703494212874
146,5175,5197,7637.035561629989,-1494895.644025115,5194,22,-1487258.608463485,7637.035561629989,-1502532.679586745,347.1379800740904,-68296.93998121569,0.005057071059645535,0.9949429289403544
147,5197,5222,38483.89244982808,-988332.7031734742,5215,25,-949848.8107236461,38483.89244982808,-1026816.5956233023,1539.3556979931234,-41072.66382493209,0.03612491769288127,0.9638750823071187
148,5222,5269,12204.857499258858,-3368705.042894985,5266,47,-3356500.185395726,12204.857499258858,-3380909.900394244,259.6778191331672,-71934.25319987754,0.003596948046294732,0.9964030519537052
149,5269,5320,37323.83937556073,-3251172.297482168,5313,51,-3213848.458106607,37323.83937556073,-3288496.1368577285,731.8399877560928,-64480.31640897507,0.011222447288873538,0.9887775527111264
150,5320,5345,60958.54215480517,-580213.7229100061,5335,25,-519255.1807552009,60958.54215480517,-641172.2650648112,2438.341686192207,-25646.890602592448,0.08681935264483875,0.9131806473551612
151,5345,5368,74761.15736020355,-455208.21064611536,5359,23,-380447.0532859118,74761.15736020355,-529969.3680063189,3250.4851026175456,-23042.146435057344,0.12362722605228402,0.876372773947716
152,5368,5392,97185.13046341592,-887843.1988040225,5383,24,-790658.0683406066,97185.13046341592,-985028.3292674384,4049.380435975663,-41042.847052809935,0.08980218236020257,0.9101978176397975
153,5392,5414,39384.22253741446,-601238.8924967252,5408,22,-561854.6699593107,39384.22253741446,-640623.1150341397,1790.1919335188393,-29119.232501551804,0.05791734935988134,0.9420826506401188
154,5414,5439,31425.89128751304,-1340960.4025277856,5432,25,-1309534.5112402725,31425.89128751304,-1372386.2938152987,1257.0356515005217,-54895.451752611945,0.02238610807129551,0.9776138919287045
155,5439,5463,49406.29770008648,-874023.4001648934,5455,24,-824617.1024648069,49406.29770008648,-923429.6978649799,2058.5957375036032,-38476.23741104083,0.050785844608257025,0.9492141553917429
156,5463,5488,41655.21971220482,-1320346.44927491,5480,25,-1278691.2295627051,41655.21971220482,-1362001.6689871147,1666.2087884881926,-54480.06675948459,0.02967621221935803,0.970323787780642
157,5488,5504,24719.148372787255,-455924.10556637176,5499,16,-431204.95719358453,24719.148372787255,-480643.253939159,1544.9467732992034,-30040.203371197436,0.048913706796749015,0.9510862932032509
158,5504,5512,31225.6039384014,-37768.22015101595,5507,8,-6542.61621261455,31225.6039384014,-68993.82408941735,3903.200492300175,-8624.228011177169,0.31157236229420354,0.6884276377057965
159,5512,5533,6723.831642156709,-1332210.5064056958,5531,21,-1325486.674763539,6723.831642156709,-1338934.3380478525,320.18245915031946,-63758.77800227869,0.004996686226566465,0.9950033137734335
160,5533,5581,6895.086632993636,-3533556.9012171584,5578,48,-3526661.814584165,6895.086632993636,-3540451.987850152,143.64763818736742,-73759.41641354484,0.001943730480333183,0.9980562695196669
161,5581,5604,3764.957124230792,-1992668.9336134982,5602,23,-1988903.9764892675,3764.957124230792,-1996433.890737729,163.69378801003444,-86801.47351033604,0.0018822914173034382,0.9981177085826967
162,5604,5629,20195.692764214804,-1788834.1507793092,5625,25,-1768638.4580150945,20195.692764214804,-1809029.843543524,807.8277105685921,-72361.19374174095,0.01104057010103821,0.9889594298989618
163,5629,5656,89339.63077130636,-541757.3862794333,5646,27,-452417.7555081269,89339.63077130636,-631097.0170507396,3308.8752137520873,-23373.963594471836,0.1240076154390386,0.8759923845609614
164,5656,5680,87343.4770706301,-258516.49270816208,5670,24,-171173.015637532,87343.4770706301,-345859.9697787922,3639.3115446095876,-14410.83207411634,0.20162230403718354,0.7983776959628164
165,5680,5702,55084.6775492893,-409182.02528545784,5696,22,-354097.34773616854,55084.6775492893,-464266.70283474715,2503.84897951315,-21103.03194703396,0.10606437111721301,0.893935628882787
166,5702,5824,65887.46593464272,-9336060.378161993,5815,122,-9270172.91222735,65887.46593464272,-9401947.844096636,540.061196185596,-77065.14626308718,0.006959084497893008,0.9930409155021069
167,5824,5849,87090.66409143912,-455330.54926007177,5838,25,-368239.88516863267,87090.66409143912,-542421.2133515109,3483.6265636575645,-21696.84853406044,0.13834633977868316,0.8616536602213168
168,5849,5860,40894.62409518154,-33362.19436075726,5853,11,7532.4297344242805,33362.19436075726,74256.8184559388,3032.9267600688418,6750.6198596308,0.31000279121294294,0.6899972087870571
169,5860,5873,91894.28978856557,-19141.51282873348,5862,13,72752.77695983209,19141.51282873348,111035.80261729905,1472.4240637487294,8541.21558594608,0.14704184644727106,0.852958153552729
170,5873,5941,17413.60772535952,-4936328.172806186,5937,68,-4918914.565080826,17413.60772535952,-4953741.780531545,256.0824665494047,-72849.14383134626,0.003502929674355937,0.996497070325644
171,5941,5966,41757.89473441915,-818982.2545025693,5959,25,-777224.3597681501,41757.89473441915,-860740.1492369885,1670.315789376766,-34429.60596947954,0.04626923572118245,0.9537307642788175
172,5966,5989,6499.432666923483,-1524873.2774292214,5985,23,-1518373.844762298,6499.432666923483,-1531372.7100961448,282.58402899667317,-66581.42217809326,0.004226250340451623,0.9957737496595485
173,5989,6014,34861.76716888102,-1255379.5901636349,6007,25,-1220517.8229947537,34861.76716888102,-1290241.357332516,1394.4706867552409,-51609.65429330064,0.026308720071880166,0.9736912799281199
174,6014,6160,42226.7914024058,-11091732.009887818,6152,146,-11049505.218485413,42226.7914024058,-11133958.801290223,289.22459864661505,-76259.99178965906,0.00377828294387086,0.9962217170561292
175,6160,6183,25011.964108511434,-542167.1971022919,6176,23,-517155.2329937804,25011.964108511434,-567179.1612108033,1087.4767003700624,-24659.963530904493,0.042236303516073055,0.9577636964839269
176,6183,6207,188632.52651502914,-228957.75214228823,6189,24,-40325.22562725909,188632.52651502914,-417590.2786573174,7859.688604792881,-17399.59494405489,0.31116039334977136,0.6888396066502287
177,6207,6232,92428.07126308087,-570384.5376046331,6223,25,-477956.46634155227,92428.07126308087,-662812.608867714,3697.122850523235,-26512.50435470856,0.12238227322060287,0.8776177267793971
178,6232,6277,5969.868631604202,-2715869.985219183,6274,45,-2709900.116587579,5969.868631604202,-2721839.853850787,132.66374736898226,-60485.33008557305,0.002188520915663955,0.9978114790843361
179,6277,6325,16915.425484568972,-3413511.4576812587,6321,48,-3396596.03219669,16915.425484568972,-3430426.8831658275,352.4046975951869,-71467.2267326214,0.004906801811390529,0.9950931981886095
180,6325,6352,64308.27791091657,-1061993.2068680439,6343,27,-997684.9289571273,64308.27791091657,-1126301.4847789605,2381.7880707746876,-41714.869806628165,0.05401289316293571,0.9459871068370642
181,6352,6361,1887.3461715796693,-130570.87512772545,6359,9,-128683.52895614578,1887.3461715796693,-132458.22129930512,209.7051301755188,-14717.580144367235,0.014048443927922614,0.9859515560720774
182,6361,6374,24407.37252483365,-314005.3364960217,6368,13,-289597.96397118806,24407.37252483365,-338412.7090208554,1877.4901942179729,-26031.746847758106,0.06727128338887187,0.9327287166111281
183,6374,6493,6159.447278973997,-10658597.252492141,6490,119,-10652437.805213166,6159.447278973997,-10664756.699771116,51.76006116784871,-89619.80419975727,0.0005772182251358745,0.9994227817748641
184,6493,6531,195323.2404133911,-487971.3879516939,6502,38,-292648.1475383028,195323.2404133911,-683294.628365085,5140.085274036607,-17981.43758855487,0.22230738453446763,0.7776926154655325
185,6531,6541,19687.75346464073,-168277.9274604696,6537,10,-148590.17399582887,19687.75346464073,-187965.68092511033,1968.775346464073,-18796.568092511032,0.09481063254503264,0.9051893674549674
186,6541,6565,32100.016448640643,-775470.2805899997,6561,24,-743370.2641413591,32100.016448640643,-807570.2970386404,1337.5006853600269,-33648.762376610015,0.038229309686231845,0.9617706903137682
187,6565,6591,67173.48379028558,-747476.1895018282,6583,26,-680302.7057115426,67173.48379028558,-814649.6732921137,2583.5955303955993,-31332.679742004373,0.07617568585127184,0.9238243141487282
188,6591,6637,348229.6691435783,-116902.31737861986,6596,46,231327.35176495847,116902.31737861986,465131.9865221982,2541.354725622171,10111.564924395612,0.20085124982348235,0.7991487501765175
189,6637,6806,61843.728011009036,-13346218.555228895,6800,169,-13284374.827217886,61843.728011009036,-13408062.283239903,365.93921900005347,-79337.64664638996,0.004591251636006463,0.9954087483639936
190,6806,6831,23371.980113991733,-531578.7757065367,6825,25,-508206.795592545,23371.980113991733,-554950.7558205285,934.8792045596693,-22198.03023282114,0.04041338626644966,0.9595866137335503
191,6831,6855,55822.249007557446,-497785.66084372415,6847,24,-441963.4118361667,55822.249007557446,-553607.9098512816,2325.9270419815603,-23066.996243803398,0.09159745082534952,0.9084025491746506
192,6855,6939,935.8708561035473,-5911383.264254387,6938,84,-5910447.393398283,935.8708561035473,-5912319.13511049,11.14131971551842,-70384.75160845822,0.00015826661545278106,0.9998417333845472
193,6939,6953,107811.41601526641,-61213.59259306469,6943,14,46597.82342220172,61213.59259306469,169025.0086083311,4372.399470933192,12073.214900595078,0.2658702418866745,0.7341297581133254
194,6953,6958,5941.341346338687,-7101.24450590587,6956,5,-1159.9031595671831,5941.341346338687,-13042.585852244556,1188.2682692677374,-2608.517170448911,0.3129669263998276,0.6870330736001724
195,6958,6998,44612.12968748644,-1923950.8254510066,6991,40,-1879338.6957635202,44612.12968748644,-1968562.955138493,1115.303242187161,-49214.073878462325,0.022160084348223866,0.9778399156517761
196,6998,7012,31966.51804932431,-314555.9548209818,7006,14,-282589.43677165743,31966.51804932431,-346522.4728703061,2283.322717808879,-24751.605205021864,0.08445825061292783,0.9155417493870722
197,7012,7022,37944.67448810493,-21593.042564214746,7015,10,16351.631923890185,21593.042564214746,59537.71705231968,2159.3042564214747,5953.771705231968,0.2661511203182928,0.7338488796817071
198,7022,7035,28313.51124084068,-284557.7601133551,7030,13,-256244.24887251444,28313.51124084068,-312871.2713541958,2177.9624031415906,-24067.020873399677,0.0829858560088447,0.9170141439911553
199,7035,7042,5198.065036540775,-166438.59883033484,7041,7,-161240.53379379408,5198.065036540775,-171636.6638668756,742.580719505825,-24519.523409553658,0.029395046260284396,0.9706049537397157
200,7042,7070,48418.62893266125,-870330.4013203315,7064,28,-821911.7723876702,48418.62893266125,-918749.0302529928,1729.2367475950448,-32812.465366178316,0.050062291137225656,0.9499377088627743
201,7070,7084,48632.665084165776,-143714.723017114,7077,14,-95082.05793294823,48632.665084165776,-192347.3881012798,3473.761791726127,-13739.099150091413,0.20181199415181736,0.7981880058481826
202,7084,7096,114754.53220658895,-31828.68041654784,7087,12,82925.85179004111,31828.68041654784,146583.2126231368,2652.39003471232,12215.267718594732,0.17839999270378293,0.8216000072962171
203,7096,7106,38808.57289106812,-20226.67465302496,7099,10,18581.898238043163,20226.67465302496,59035.24754409308,2022.6674653024959,5903.524754409308,0.25518778869282077,0.7448122113071792
204,7106,7117,9631.887919086406,-300531.6292464684,7114,11,-290899.74132738204,9631.887919086406,-310163.5171655548,875.6261744624006,-28196.6833786868,0.030118906544442395,0.9698810934555577
205,7117,7143,61357.62930357555,-1578005.1920093768,7136,26,-1516647.5627058013,61357.62930357555,-1639362.8213129523,2359.9088193682906,-63052.41620434432,0.036077433702483445,0.9639225662975166
206,7143,7240,830829.3563223004,-235366.28022002467,7151,97,595463.0761022758,235366.28022002467,1066195.6365423251,2426.4564971136565,10991.707593219848,0.18083371769627446,0.8191662823037255
207,7240,7253,42453.74899394036,-140499.08118316883,7246,13,-98045.33218922847,42453.74899394036,-182952.8301771092,3265.6729995338737,-14073.2946290084,0.1883429895882692,0.8116570104117308
208,7253,7262,79228.91765456078,-38199.836682528454,7255,9,41029.08097203232,38199.836682528454,117428.75433708922,4244.426298058717,13047.639370787692,0.24545513412579306,0.7545448658742069
209,7262,7286,41004.360485312296,-732352.9853528185,7280,24,-691348.6248675062,41004.360485312296,-773357.3458381308,1708.5150202213456,-32223.22274325545,0.05035153319086254,0.9496484668091375
210,7286,7311,117954.15429470244,-234139.0081247085,7293,25,-116184.85383000605,117954.15429470244,-352093.16241941095,4718.166171788098,-14083.726496776439,0.25094102253208506,0.7490589774679149
211,7311,7330,6897.873345502255,-613075.4451304944,7328,19,-606177.5717849921,6897.873345502255,-619973.3184759967,363.04596555275026,-32630.174656631407,0.01100365343868987,0.9889963465613101
212,7330,7382,349543.11322176445,-371777.6012923281,7342,52,-22234.488070563646,349543.11322176445,-721320.7145140925,6721.982946572393,-13871.552202194087,0.3264122890029898,0.6735877109970101
213,7382,7397,51412.06869793697,-192871.75203103584,7390,15,-141459.68333309886,51412.06869793697,-244283.82072897282,3427.4712465291313,-16285.588048598187,0.17386805341656608,0.8261319465834339
214,7397,7405,27645.744621355312,-82640.20506904676,7401,8,-54994.46044769145,27645.744621355312,-110285.94969040208,3455.718077669414,-13785.74371130026,0.20043068969246156,0.7995693103075384
215,7405,7424,56555.04424895851,-460632.0294444907,7416,19,-404076.98519553215,56555.04424895851,-517187.0736934492,2976.5812762609744,-27220.37229965522,0.0985722373873823,0.9014277626126177
216,7424,7431,60285.38624125518,-58283.9671232398,7426,7,2001.4191180153794,58283.9671232398,118569.35336449498,8326.281017605686,16938.47905207071,0.32956105637429606,0.670438943625704
217,7431,7454,95723.92526363452,-489849.9658912889,7440,23,-394126.04062765435,95723.92526363452,-585573.8911549234,4161.909794071066,-25459.734398040146,0.14050232212226285,0.8594976778777371
218,7454,7504,148426.48101250062,-2583837.837568191,7489,50,-2435411.35655569,148426.48101250062,-2732264.3185806917,2968.529620250012,-54645.28637161383,0.0515246138299401,0.9484753861700598
219,7504,7514,18943.09924505833,-120349.93714367102,7510,10,-101406.83789861269,18943.09924505833,-139293.03638872935,1894.309924505833,-13929.303638872934,0.11971411693785998,0.8802858830621401
220,7514,7527,22255.45311782096,-193204.94596236435,7521,13,-170949.4928445434,22255.45311782096,-215460.3990801853,1711.957932140074,-16573.876852321948,0.09362208246542685,0.9063779175345732
221,7527,7564,14376.980625109944,-1938420.2803047204,7560,37,-1924043.2996796104,14376.980625109944,-1952797.2609298304,388.5670439218904,-52778.30434945488,0.007308442903230448,0.9926915570967695
222,7564,7669,16842.493863329648,-9007877.830021454,7666,105,-8991035.336158125,16842.493863329648,-9024720.323884783,160.40470346028235,-85949.71737033127,0.0018627856934498887,0.9981372143065501
223,7669,7862,45724.356960197394,-16842257.1950105,7855,193,-16796532.838050302,45724.356960197394,-16887981.551970694,236.91376663314713,-87502.49508793106,0.002700197889706011,0.9972998021102941
224,7862,7983,52373.8791601141,-9055484.393022723,7978,121,-9003110.51386261,52373.8791601141,-9107858.272182837,432.8419765298686,-75271.5559684532,0.0057175274921865095,0.9942824725078135
225,7983,7989,647.194847007022,-56621.015401874596,7988,6,-55973.820554867576,647.194847007022,-57268.210248881616,107.86580783450366,-9544.701708146937,0.011174830702392268,0.9888251692976078
226,7989,7993,12996.800980551307,-1062.5899856513806,7990,4,11934.210994899926,1062.5899856513806,14059.390966202687,265.64749641284516,3514.847741550672,0.07026790927951138,0.9297320907204887
227,7993,8031,66509.06015867383,-1472294.328857767,8023,38,-1405785.268699093,66509.06015867383,-1538803.3890164408,1750.2384252282588,-40494.826026748444,0.04143060137162041,0.9585693986283795
228,8031,8102,71408.96006533777,-6133191.058383387,8096,71,-6061782.098318049,71408.96006533777,-6204600.018448724,1005.7600009202503,-87388.73265420739,0.011378084433882517,0.9886219155661174
229,8102,8127,100217.35788852812,-700007.2443610278,8120,25,-599789.8864724997,100217.35788852812,-800224.602249556,4008.6943155411245,-32008.98408998224,0.11129796513831901,0.888702034861681
230,8127,8174,282370.4565217909,-50882.81548986873,8131,47,231487.64103192216,50882.81548986873,333253.27201165963,1082.613095529122,7090.495149184248,0.132460388766953,0.8675396112330469
231,8174,8214,224381.86740524427,-1011260.9201398493,8191,40,-786879.052734605,224381.86740524427,-1235642.7875450936,5609.546685131107,-30891.06968862734,0.15368361530365834,0.8463163846963415
232,8214,8218,10138.309012574853,-12333.98320350088,8216,4,-2195.674190926027,10138.309012574853,-22472.292216075733,2534.5772531437133,-5618.073054018933,0.3108899753638296,0.6891100246361703
233,8218,8341,17159.547122208856,-11224633.17208085,8337,123,-11207473.624958642,17159.547122208856,-11241792.719203059,139.50851318868988,-91396.68877400861,0.0015240802799681328,0.9984759197200319
234,8341,8367,157269.95229568658,-497526.33428192785,8350,26,-340256.38198624126,157269.95229568658,-654796.2865776145,6048.844319064869,-25184.47256067748,0.19366640892975714,0.8063335910702428
235,8367,8382,80454.96527105363,-181351.3947644201,8373,15,-100896.42949336648,80454.96527105363,-261806.36003547374,5363.664351403576,-17453.75733569825,0.2350688182458202,0.7649311817541797
236,8382,8391,100712.88879118988,-415.77967735319,8383,9,100297.10911383669,415.77967735319,101128.66846854307,46.19774192813222,11236.518718727008,0.004094558441598001,0.995905441558402
237,8391,8437,43989.284767944424,-2990534.5846620994,8432,46,-2946545.299894155,43989.284767944424,-3034523.8694300437,956.2887993031396,-65967.91020500095,0.014289133281096692,0.9857108667189033
238,8437,8462,190998.25884431196,-545781.6191179784,8446,25,-354783.36027366645,190998.25884431196,-736779.8779622903,7639.930353772478,-29471.19511849161,0.20586630711273815,0.7941336928872619
239,8462,8485,1847.82251593838,-1260296.0854715693,8484,23,-1258448.262955631,1847.82251593838,-1262143.9079875078,80.34010938862522,-54875.822086413384,0.0014618944660360989,0.9985381055339638
240,8485,8607,1134448.504004531,-201535.68532267955,8493,122,932912.8186818515,201535.68532267955,1335984.1893272107,1651.9318469072093,10950.690076452547,0.13107842613648907,0.8689215738635109
241,8607,8679,374864.25904160703,-1479293.514604885,8640,72,-1104429.2555632778,374864.25904160703,-1854157.773646492,5206.448042244542,-25752.19130064572,0.168174317500818,0.8318256824991821
242,8679,8704,126903.94957325989,-295099.6700886511,8688,25,-168195.72051539124,126903.94957325989,-422003.61966191104,5076.1579829303955,-16880.14478647644,0.23119365934429273,0.7688063406557072
243,8704,8743,337284.8581839323,-15748.717280892992,8707,39,321536.1409030393,15748.717280892992,353033.5754648253,403.8132636126408,9052.142960636547,0.04270464604913122,0.9572953539508687
